timestamp,request_rate,vus,cpu_mcpu,memory_mib,replicas,hpa_desired_replicas,avg_response_ms,p95_response_ms,failed_req_rate,request_rate_lag1,request_rate_lag3,request_rate_lag6,cpu_lag1,cpu_lag3,cpu_lag6,request_rate_rolling_mean_3,request_rate_rolling_mean_6,cpu_rolling_mean_3,cpu_rolling_mean_6,request_rate_change,cpu_change,future_cpu_mcpu
2026-08-28 11:20:01.620112,0.0,0.0,0.0044785858334269,43.40625,1.0,1.0,0.0,0.0,0.0,0.0,0.0,0.0,0.0052814398011099,0.0025913279376722,0.0035090722364063,0.0,0.0,0.004026651079090067,0.00426166315133395,0.0,0.0018872578957546998,6.194871544158752
2026-08-28 11:20:11.730527,0.0,0.0,0.0067444094864224,43.40625,1.0,1.0,0.0,0.0,0.0,0.0,0.0,0.0,0.0044785858334269,0.0023199276027334,0.00514090467511,0.0,0.0,0.005501478373653067,0.00452891395321935,0.0,0.004424481883689,7.235734838010506
2026-08-28 11:20:21.841073,0.0,1.0,0.0082545538378784,43.40625,1.0,1.0,0.0,0.0,0.0,0.0,0.0,0.0,0.0067444094864224,0.0052814398011099,0.0057577930579513,0.0,0.0,0.006492516385909233,0.0049450407498738665,0.0,0.0029731140367684995,7.543346994203872
2026-08-28 11:20:28.539693,0.5108222490931076,2.0,8.580095036959085,42.4296875,1.0,1.0,2.885994307692307,8.62484694769984,0.0,0.0,0.0,0.0,0.0082545538378784,0.0044785858334269,0.0025913279376722,0.17027408303103586,0.08513704151551793,2.8650313334277953,1.4345289922534425,0.5108222490931076,8.575616451125658,7.543346994203872
2026-08-28 11:20:38.626129,0.8667790081848821,2.0,8.580095036959085,42.4296875,1.0,1.0,2.427213030303033,8.787134696297656,0.0,0.5108222490931076,0.0,0.0,8.580095036959085,0.0067444094864224,0.0023199276027334,0.45920041909266324,0.22960020954633162,5.722814875918682,2.8641581771461677,0.8667790081848821,8.573350627472662,8.171115691191488
2026-08-28 11:20:48.726324,1.367675496274031,3.0,13.019902597403714,41.71484375,1.0,1.0,2.1811183562000034,9.134335878855218,0.0,0.8667790081848821,0.0,0.0,8.580095036959085,0.0082545538378784,0.0052814398011099,0.9150922511840068,0.4575461255920034,10.060030890440627,5.0332617034132685,1.367675496274031,13.011648043565836,11.50895214520916
2026-08-28 11:21:00.468958,1.9747794619691383,4.0,11.060080930934976,41.6796875,1.0,1.0,2.11996388898562,8.060105060143126,0.0,1.367675496274031,0.5108222490931076,0.0,13.019902597403714,8.580095036959085,0.0044785858334269,1.4030779888093505,0.7866760359201931,10.886692855099257,6.875862094263527,1.4639572128760308,2.4799858939758916,15.929719762096166
2026-08-28 11:21:10.567583,2.593196398113429,4.0,6.194871544158752,42.015625,1.0,1.0,2.168512606520906,6.7274251473243405,0.0,1.9747794619691383,0.8667790081848821,0.0,11.060080930934976,8.580095036959085,0.0067444094864224,1.9785504521188662,1.2188754356057647,10.091618357499147,7.907216616708915,1.726417389928547,-2.385223492800333,18.16159917545913
2026-08-28 11:21:20.677781,3.19433151353235,5.0,7.235734838010506,41.88671875,1.0,1.0,2.0983641024096413,4.89751552795031,0.0,2.593196398113429,1.367675496274031,0.0,6.194871544158752,13.019902597403714,0.0082545538378784,2.5874357912049724,1.7512640211944897,8.163562437701412,9.11179666407102,1.826656017258319,-5.784167759393208,17.64183050342607
2026-08-28 11:21:29.263359,3.7751190614473225,5.0,7.543346994203872,41.88671875,1.0,1.0,2.033675497435898,4.875,0.0,3.19433151353235,1.9747794619691383,0.5108222490931076,7.235734838010506,11.060080930934976,8.580095036959085,3.187548991031034,2.295313489920192,6.991317792124377,8.939005323611818,1.8003395994781841,-3.5167339367311046,16.296920651114682
2026-08-28 11:21:39.359244,4.565663815618957,6.0,8.171115691191488,41.8203125,1.0,1.0,1.989281904347826,4.834070796460177,0.0,3.7751190614473225,2.593196398113429,0.8667790081848821,7.543346994203872,6.194871544158752,8.580095036959085,3.845038130199543,2.911794291159205,7.65006584113529,8.870842099317217,1.972467417505528,1.9762441470327365,23.176663759044253
2026-08-28 11:21:49.469631,5.203660506011126,7.0,11.50895214520916,42.546875,1.0,1.0,2.9588470919540266,4.8617647058823525,0.0,4.565663815618957,3.19433151353235,1.367675496274031,8.171115691191488,7.235734838010506,13.019902597403714,4.514814461025801,3.5511251261153873,9.074471610201506,8.619017023951459,2.0093289924787756,4.273217307198653,21.825736074434776
2026-08-28 11:21:59.566340,5.99987629121049,7.0,14.617477893418828,42.2265625,1.0,1.0,2.8852503161512058,4.867077464788732,0.0,5.203660506011126,3.7751190614473225,1.9747794619691383,11.50895214520916,7.543346994203872,11.060080930934976,5.25640020428019,4.2219745976556124,11.432515243273158,9.211916517698768,2.2247572297631675,7.074130899214956,19.618041589018024
2026-08-28 11:22:07.950594,6.860733521415748,8.0,15.929719762096166,42.2265625,1.0,1.0,2.851767978125,4.856230031948882,0.0,5.99987629121049,4.565663815618957,2.593196398113429,14.617477893418828,8.171115691191488,6.194871544158752,6.021423439545788,4.9332307848726655,14.018716600241383,10.834391220688337,2.2950697057967906,7.758604070904678,18.171770988976142
2026-08-28 11:22:18.041979,7.566042575019236,9.0,18.16159917545913,42.3984375,1.0,1.0,2.816628545197742,4.87391304347826,0.0,6.860733521415748,5.203660506011126,3.19433151353235,15.929719762096166,11.50895214520916,7.235734838010506,6.8088841292151585,5.66184929512048,16.236265610324708,12.655368610263105,2.3623820690081105,6.652647030249971,11.801843324537678
2026-08-28 11:22:28.175991,7.911195791740877,9.0,17.64183050342607,41.671875,1.0,1.0,2.903719299212597,4.931198910081744,0.0,7.566042575019236,5.99987629121049,3.7751190614473225,18.16159917545913,14.617477893418828,7.543346994203872,7.445990629391953,6.351195416836073,17.244383146993787,14.338449195133473,1.9113195005303867,3.0243526100072433,13.94579749638054
2026-08-28 11:22:36.171210,9.009984622382015,10.0,16.296920651114682,41.671875,1.0,1.0,2.9588874543269235,4.9523809523809526,0.0,7.911195791740877,6.860733521415748,4.565663815618957,17.64183050342607,15.929719762096166,8.171115691191488,8.162407663047377,7.091915551296583,17.366783443333293,15.692750021787338,2.149251100966268,0.3672008890185161,16.406759081250833
2026-08-28 11:22:46.282261,9.681192064454647,11.0,23.176663759044253,42.125,1.0,1.0,2.8576929261744968,4.926334106728538,0.0,9.009984622382015,7.566042575019236,5.203660506011126,16.296920651114682,18.16159917545913,11.50895214520916,8.867457492859181,7.838170811037169,19.03847163786167,17.637368624093188,2.115149489435411,5.015064583585122,17.762397322786494
2026-08-28 11:22:56.377950,10.044689470826546,11.0,21.825736074434776,42.66796875,1.0,1.0,2.6636141226611287,4.881944444444445,0.0,9.681192064454647,7.911195791740877,5.99987629121049,23.176663759044253,17.64183050342607,14.617477893418828,9.578622052554403,8.512306340973177,20.433106828197904,18.838744987595845,2.133493679085669,4.1839055710087045,15.414202679276336
2026-08-28 11:23:04.576293,10.73405032891302,12.0,19.618041589018024,42.3046875,1.0,1.0,2.554131785992217,4.853876739562625,0.0,10.044689470826546,9.009984622382015,6.860733521415748,21.825736074434776,16.296920651114682,15.929719762096166,10.15331062139807,9.157859142222724,21.54014714083235,19.45346529208282,1.7240657065310039,3.3211209379033413,20.324761450381608
2026-08-28 11:23:14.672628,11.829687296133605,12.0,18.171770988976142,42.3046875,1.0,1.0,2.379316417279409,4.802973977695167,0.0,10.73405032891302,9.681192064454647,7.566042575019236,19.618041589018024,23.176663759044253,18.16159917545913,10.86947569862439,9.868466595741785,19.871849550809646,19.45516059433566,2.1484952316789574,-5.0048927700681105,16.738683123144554
2026-08-28 11:23:24.782520,11.995592607222305,13.0,11.801843324537678,41.80078125,1.0,1.0,1.7912851819757345,4.75,0.0,11.829687296133605,10.044689470826546,7.911195791740877,18.171770988976142,21.825736074434776,17.64183050342607,11.519776744089642,10.549199398322024,16.530551967510615,18.48182939785426,1.950903136395759,-10.023892749897097,19.886184238596904
2026-08-28 11:23:32.818857,12.68217634462255,14.0,13.94579749638054,42.23046875,1.0,1.0,1.7898514721311418,4.75,0.0,11.995592607222305,10.73405032891302,9.009984622382015,11.801843324537678,19.618041589018024,16.296920651114682,12.169152082659485,11.161231352028778,14.639803936631452,18.089975538731903,1.94812601570953,-5.672244092637484,20.403164539666733
2026-08-28 11:23:42.909717,13.989052046224693,14.0,16.406759081250833,42.15234375,1.0,1.0,1.839111224806196,4.757375776397516,0.0,12.68217634462255,11.829687296133605,9.681192064454647,13.94579749638054,18.171770988976142,23.176663759044253,12.888940332689849,11.879208015657118,14.051466634056348,16.961658092432998,2.159364750091088,-1.7650119077253095,20.06533137292999
2026-08-28 11:23:53.008326,14.597271700408374,15.0,17.762397322786494,41.74609375,1.0,1.0,1.8550744002976207,4.757078986587183,0.0,13.989052046224693,11.995592607222305,10.044689470826546,16.406759081250833,11.801843324537678,21.825736074434776,13.756166697085206,12.637971720587425,16.038317966805955,16.284434967158287,2.6016790931860694,5.960553998248816,20.283201977430146
2026-08-28 11:24:01.018647,14.686248331108144,16.0,15.414202679276336,41.74609375,1.0,1.0,1.9277427869318184,4.770328102710414,0.0,14.597271700408374,12.68217634462255,10.73405032891302,17.762397322786494,13.94579749638054,19.618041589018024,14.424190692580403,13.296671387619947,16.527786361104553,15.583795148868006,2.004071986485595,1.468405182895797,20.856240441519137
2026-08-28 11:24:11.115476,15.96893474988547,16.0,20.324761450381608,43.23828125,1.0,1.0,1.9739598183060023,4.782668500687758,0.0,14.686248331108144,13.989052046224693,11.829687296133605,15.414202679276336,16.406759081250833,18.171770988976142,15.084151593800662,13.986545963245256,17.83378715081481,15.942626892435582,1.9798827036607776,3.9180023691307753,19.00957511032029
2026-08-28 11:24:21.217730,16.667030258077183,17.0,16.738683123144554,43.23828125,1.0,1.0,1.9640398324607269,4.7875989445910285,0.0,15.96893474988547,14.597271700408374,11.995592607222305,20.324761450381608,17.762397322786494,11.801843324537678,15.7740711130236,14.765118905054402,17.492549084267498,16.76543352553673,2.069758557668809,-1.0237141996419403,22.526160994537783
2026-08-28 11:24:31.312936,16.51288046428124,18.0,19.886184238596904,43.421875,1.0,1.0,1.939918003797461,4.786352040816327,0.0,16.667030258077183,14.686248331108144,12.68217634462255,16.738683123144554,15.414202679276336,13.94579749638054,16.382948490747964,15.403569591664185,18.983209604041022,17.755497982572788,1.826632133173094,4.471981559320568,19.159438515895825
2026-08-28 11:24:39.298009,18.05874003712196,18.0,20.403164539666733,43.421875,1.0,1.0,1.935992235792002,4.796398046398046,0.0,16.51288046428124,15.96893474988547,13.989052046224693,19.886184238596904,20.324761450381608,16.406759081250833,17.079550253160125,16.081850923480395,19.009343967136065,18.42156555897544,2.0898052872364907,0.07840308928512485,26.252514926932868
2026-08-28 11:24:49.443725,18.78016290699452,19.0,20.06533137292999,43.42578125,1.0,1.0,1.9447181790697528,4.788980070339976,0.0,18.05874003712196,16.667030258077183,14.597271700408374,20.403164539666733,16.738683123144554,17.762397322786494,17.783927802799237,16.778999457911418,20.11822671706454,18.80538790066602,2.113132648917336,3.3266482497854355,27.07966931461326
2026-08-28 11:24:59.548906,18.626017957820004,19.0,20.283201977430146,43.91015625,1.0,1.0,1.913198678251116,4.787570621468926,0.0,18.78016290699452,16.51288046428124,14.686248331108144,20.06533137292999,19.886184238596904,15.414202679276336,18.48830696731216,17.435627729030063,20.25056596334229,19.616887783691656,2.1131374935387655,0.39701773883324165,24.482136704293698
2026-08-28 11:25:07.524902,20.21857923497268,20.0,20.856240441519137,43.91015625,1.0,1.0,1.932782675675672,4.786220043572984,0.0,18.626017957820004,18.05874003712196,15.96893474988547,20.283201977430146,20.403164539666733,20.324761450381608,19.20825336659573,18.14390180987793,20.40159126395976,19.70546761554791,2.1598391978507188,0.45307590185240443,30.810247365803097
2026-08-28 11:25:17.645116,21.027322404371585,21.0,19.00957511032029,44.3984375,1.0,1.0,1.9902835103950007,4.799894957983193,0.0,20.21857923497268,18.78016290699452,16.667030258077183,20.856240441519137,20.06533137292999,16.738683123144554,19.95730653238809,18.870617167593664,20.049672509756522,20.083949613410535,2.2471594973770657,-1.0557562626096981,26.54689945740636
2026-08-28 11:25:27.769167,20.91604329474696,22.0,22.526160994537783,44.4296875,1.0,1.0,1.9704632307692287,4.793094758064516,0.0,21.027322404371585,18.626017957820004,16.51288046428124,19.00957511032029,20.283201977430146,19.886184238596904,20.720648311363743,19.604477639337954,20.797325515459068,20.523945739400677,2.2900253369269556,2.242959017107637,23.528555148704267
2026-08-28 11:25:35.865785,21.79318414509288,23.0,19.159438515895825,44.4296875,1.0,1.0,2.043563399808241,4.805286129970902,0.0,20.91604329474696,20.21857923497268,18.05874003712196,22.526160994537783,20.856240441519137,20.403164539666733,21.24551661473714,20.226884990666438,20.231724873584636,20.316658068772195,1.5746049101202004,-1.696801925623312,29.47024754578596
2026-08-28 11:25:45.961657,23.7996553303811,24.0,26.252514926932868,43.71875,1.0,1.0,2.0208910311355366,4.793900184842883,0.0,21.79318414509288,21.027322404371585,18.78016290699452,19.159438515895825,19.00957511032029,20.06533137292999,22.169627590073645,21.06346706123087,22.646038145788822,21.347855327772674,2.772332926009515,7.2429398166125765,27.67824942867588
2026-08-28 11:25:56.098714,23.78024634751256,25.0,27.07966931461326,43.69921875,1.0,1.0,1.99263163628396,4.791998231653404,0.0,23.7996553303811,20.91604329474696,18.626017957820004,26.252514926932868,22.526160994537783,20.283201977430146,23.124361940995513,21.922505126179626,24.163874252480653,22.48059988396986,2.8642030527655997,4.553508320075476,30.66365612272917
2026-08-28 11:26:04.155885,24.84264932683089,26.0,24.482136704293698,43.71875,1.0,1.0,1.9552454610226304,4.782067510548522,0.0,23.78024634751256,21.79318414509288,20.21857923497268,27.07966931461326,19.159438515895825,20.856240441519137,24.140850334908183,22.69318347482266,25.938106981946607,23.08491592776562,3.049465181738011,5.322698188397872,33.772920575359855
2026-08-28 11:26:14.280698,27.09466811751904,27.0,30.810247365803097,43.4375,1.0,1.0,1.9675760256821817,4.77683615819209,0.0,24.84264932683089,23.7996553303811,21.027322404371585,24.482136704293698,26.252514926932868,19.00957511032029,25.23918793062083,23.704407760347237,27.457351128236684,25.051694637012755,3.2950127871379387,4.557732438870229,35.52905620865238
2026-08-28 11:26:24.404602,28.139281828074,28.0,26.54689945740636,43.16015625,1.0,1.0,1.858487887084308,4.768439440993789,0.0,27.09466811751904,23.78024634751256,20.91604329474696,30.810247365803097,27.07966931461326,22.526160994537783,26.692199757474643,24.90828084923508,27.279761175834384,25.72181771415752,4.359035480561442,-0.5327698572068975,27.35591181915567
2026-08-28 11:26:32.536656,28.01867911941294,29.0,23.528555148704267,43.16015625,1.0,1.0,1.8883852702904056,4.774887724550898,0.0,28.139281828074,24.84264932683089,21.79318414509288,26.54689945740636,24.482136704293698,19.159438515895825,27.750876355001992,25.945863344955086,26.96190065730458,26.450003819625593,3.1760297925820495,-0.9535815555894303,30.435288187236523
2026-08-28 11:26:42.631289,30.30434782608696,30.0,29.47024754578596,43.6484375,1.0,1.0,1.928982872309918,4.805152394775036,0.0,28.01867911941294,27.09466811751904,23.7996553303811,23.528555148704267,30.810247365803097,26.252514926932868,28.820769591191304,27.029978760906065,26.5152340506322,26.98629258943444,3.209679708567922,-1.3399998200171375,31.606694876387184
2026-08-28 11:26:52.725125,31.39266924648898,31.0,27.67824942867588,43.6328125,1.0,1.0,1.9357027165627347,4.799894957983193,0.0,30.30434782608696,28.139281828074,23.78024634751256,29.47024754578596,26.54689945740636,27.07966931461326,29.905232063996294,28.29871591073547,26.892350707722034,27.086055941778213,3.2533874184149774,1.1313499712695183,37.1856676820713
2026-08-28 11:27:00.766261,30.897355819279618,32.0,30.66365612272917,43.37890625,1.0,1.0,1.9344561348617728,4.798535422343324,0.0,31.39266924648898,28.01867911941294,24.84264932683089,27.67824942867588,23.528555148704267,24.482136704293698,30.86479096395185,29.307833659476923,29.27071769906367,28.11630917818412,2.878676699866677,7.135100974024901,30.901079777889308
2026-08-28 11:27:10.860977,33.44496151002479,33.0,33.772920575359855,43.515625,1.0,1.0,2.018188326397912,4.803090072320841,0.0,30.897355819279618,30.30434782608696,27.09466811751904,30.66365612272917,29.47024754578596,30.810247365803097,31.91166219193113,30.366215891561215,30.70494204225497,28.610088046443582,3.140613683937829,4.302673029573896,40.67378428531406
2026-08-28 11:27:20.954749,34.53299989126889,34.0,35.52905620865238,43.51953125,1.0,1.0,2.0096897569269365,4.804458598726114,0.0,33.44496151002479,31.39266924648898,28.139281828074,33.772920575359855,27.67824942867588,26.54689945740636,32.95843907352443,31.431835568760363,33.32187763558047,30.10711417165125,3.140330644779908,7.850806779976498,30.04806585201268
2026-08-28 11:27:31.048076,34.157734495558245,35.0,27.35591181915567,43.51953125,1.0,1.0,2.027926692307671,4.776243093922651,0.0,34.53299989126889,30.897355819279618,28.01867911941294,35.52905620865238,30.66365612272917,23.528555148704267,34.04523196561731,32.45501146478458,32.21929620105597,30.745006950059818,3.260378676278627,-3.3077443035735,42.4858707170612
2026-08-28 11:27:39.071205,35.19893235465843,36.0,30.435288187236523,44.19140625,1.0,1.0,2.0196464828198915,4.775461584276355,0.0,34.157734495558245,33.44496151002479,30.30434782608696,27.35591181915567,33.772920575359855,29.47024754578596,34.629888913828516,33.270775552879826,31.106752071681523,30.905847056968245,1.753970844633642,-3.337632388123332,43.96941418205878
2026-08-28 11:27:49.172840,38.0373179876188,37.0,31.606694876387184,43.5234375,1.0,1.0,2.0389478131805188,4.774625576036866,0.0,35.19893235465843,34.53299989126889,31.39266924648898,30.435288187236523,35.52905620865238,27.67824942867588,35.797994945945156,34.37821700973479,29.799298294259795,31.56058796492013,3.5043180963499125,-3.9223613322651936,36.1167544614667
2026-08-28 11:27:59.260129,37.45826377295492,38.0,37.1856676820713,43.703125,1.0,1.0,1.9900328802228573,4.779288116591928,0.0,38.0373179876188,34.157734495558245,30.897355819279618,31.606694876387184,27.35591181915567,30.66365612272917,36.89817137174405,35.47170166868068,33.07588358189833,32.64758989147715,3.3005292773966772,9.82975586291563,43.81993860201567
2026-08-28 11:28:07.141926,38.47999833058576,39.0,30.901079777889308,43.703125,1.0,1.0,2.0099345444685413,4.770697167755992,0.0,37.45826377295492,35.19893235465843,33.44496151002479,37.1856676820713,30.435288187236523,33.772920575359855,37.99186003038648,36.31087447210751,33.23114744544927,32.16894975856539,3.2810659759273264,0.46579159065278475,36.97502774387402
2026-08-28 11:28:17.241937,41.43694758029229,40.0,40.67378428531406,43.46875,1.0,1.0,1.983920230200644,4.775212314225053,0.0,38.47999833058576,38.0373179876188,34.53299989126889,30.901079777889308,31.606694876387184,35.52905620865238,39.12506989461099,37.46153242027807,36.25351058175822,33.026404438009,3.3996295926734916,9.06708940892688,45.26212066255621
2026-08-28 11:28:27.352397,42.53177850219879,41.0,30.04806585201268,43.46875,1.0,1.0,2.0035637695473145,4.779503105590062,0.0,41.43694758029229,37.45826377295492,34.157734495558245,40.67378428531406,37.1856676820713,27.35591181915567,40.81624147102561,38.85720642138483,33.87430997173868,33.47509677681851,5.073514729243868,-7.1376018300586175,34.51085826784369
2026-08-28 11:28:35.293894,41.68497708581832,42.0,42.4858707170612,44.0546875,1.0,1.0,2.038112994979906,4.795742524075013,0.0,42.53177850219879,38.47999833058576,35.19893235465843,30.04806585201268,30.901079777889308,30.435288187236523,41.884567722769795,39.938213876578146,37.73590695146265,35.48352719845595,3.2049787552325597,11.584790939171896,47.0899980912374
2026-08-28 11:28:45.393258,44.78920150758173,43.0,43.96941418205878,43.76953125,1.0,1.0,2.041981551859056,4.780403741999015,0.0,41.68497708581832,41.43694758029229,38.0373179876188,42.4858707170612,40.67378428531406,31.606694876387184,43.00198569853294,41.06352779657197,38.83445025037756,37.54398041606789,3.352253927289439,3.295629896744714,42.53912525187509
2026-08-28 11:28:55.491391,45.690662352835446,45.0,36.1167544614667,43.76953125,1.0,1.0,2.0220031782060977,4.79527402700556,0.0,44.78920150758173,42.53177850219879,37.45826377295492,43.96941418205878,30.04806585201268,37.1856676820713,44.05494698207849,42.435594226552055,40.85734645352889,37.36582821263379,3.1588838506366557,6.068688609454018,34.031724696455456
2026-08-28 11:29:03.496011,46.67599469020199,46.0,43.81993860201567,44.23828125,1.0,1.0,2.027993216756294,4.788647810925998,0.0,45.690662352835446,41.68497708581832,38.47999833058576,36.1167544614667,42.4858707170612,30.901079777889308,45.718619516873055,43.80159361982143,41.30203574851371,39.518971349988185,4.991017604383671,1.3340678849544645,35.736525000000086
2026-08-28 11:29:13.586653,47.75144850843992,47.0,36.97502774387402,44.23828125,1.0,1.0,2.028753179564199,4.79685128983308,0.0,46.67599469020199,44.78920150758173,41.43694758029229,43.81993860201567,43.96941418205878,40.67378428531406,46.70603518382578,44.85401044117936,38.97057360245213,38.90251192641484,2.9622470008581914,-6.994386438184755,36.17081848189987
2026-08-28 11:29:23.692048,48.864492519642674,48.0,45.26212066255621,44.2734375,1.0,1.0,2.006427423274562,4.785133136094675,0.0,47.75144850843992,45.690662352835446,42.53177850219879,36.97502774387402,36.1167544614667,30.04806585201268,47.76397857276152,45.90946277742001,42.0190290028153,41.438187728172096,3.173830166807228,9.145366201089509,53.97921833575751
2026-08-28 11:29:31.427424,50.10532380317952,49.0,34.51085826784369,44.2734375,1.0,1.0,2.0356149475574554,4.791304347826087,0.0,48.864492519642674,46.67599469020199,41.68497708581832,45.26212066255621,43.81993860201567,42.4858707170612,48.907088277087375,47.312853896980215,38.916002224757975,40.109018986635846,3.429329112977534,-9.30908033417198,57.18246304244173
2026-08-28 11:29:41.526909,51.220653896010376,51.0,47.0899980912374,43.54296875,1.0,1.0,2.0235765251317974,4.787017357421183,0.0,50.10532380317952,47.75144850843992,44.78920150758173,34.51085826784369,36.97502774387402,43.96941418205878,50.063490072944184,48.384762628385,42.287659007212426,40.62911630483228,3.4692053875704545,10.114970347363375,46.0194932155064
2026-08-28 11:29:51.622379,52.39184055596566,52.0,42.53912525187509,44.80859375,1.0,1.0,2.057798552577312,4.782871972318339,0.0,51.220653896010376,48.864492519642674,45.690662352835446,47.0899980912374,45.26212066255621,36.1167544614667,51.23927275171852,49.50162566224002,41.37999387031872,41.699511436567015,3.5273480363229837,-2.722995410681115,61.443285651269655
2026-08-28 11:30:01.719796,51.81625784963397,54.0,34.031724696455456,44.80859375,1.0,1.0,2.0406343381318965,4.782018874283788,0.0,52.39184055596566,50.10532380317952,46.67599469020199,42.53912525187509,34.51085826784369,43.81993860201567,51.80958410053666,50.35833618881202,41.220282679855984,40.06814245230698,1.7109340464544474,-0.47913357138823187,60.685257494901705
2026-08-28 11:30:09.664995,55.35414750284076,56.0,35.736525000000086,44.27734375,1.0,1.0,2.0343609667644107,4.7780235988200594,0.0,51.81625784963397,51.220653896010376,47.75144850843992,34.031724696455456,47.0899980912374,36.97502774387402,53.18741530281346,51.62545268787883,37.43579164944355,39.861725328327985,4.133493606830385,-11.353473091237312,51.66939857332175
2026-08-28 11:30:19.744250,56.90426376163336,57.0,36.17081848189987,44.27734375,1.0,1.0,2.0044025477020364,4.775732950924155,0.0,55.35414750284076,52.39184055596566,48.864492519642674,35.736525000000086,42.53912525187509,45.26212066255621,54.69155637136936,52.965414561543945,35.31302272611847,38.3465082982186,4.512423205667702,-6.36830676997522,64.18369126284938
2026-08-28 11:30:29.837309,56.26492266168379,59.0,53.97921833575751,43.56640625,1.0,1.0,1.974527446357189,4.773478529502625,0.0,56.90426376163336,51.81625784963397,50.10532380317952,36.17081848189987,34.031724696455456,34.51085826784369,56.174444642052634,53.99201437129466,41.962187272552484,41.591234976204234,4.44866481204982,19.947493639302053,66.4931592334484
2026-08-28 11:30:37.743893,60.25894623269196,61.0,57.18246304244173,43.5,1.0,1.0,1.9964836132497672,4.790024074631357,0.0,56.26492266168379,55.35414750284076,51.220653896010376,53.97921833575751,35.736525000000086,47.0899980912374,57.809377552003035,55.498396427408245,49.11083328669971,43.27331246807162,4.904798729851201,21.445938042441647,54.641443833760775
2026-08-28 11:30:47.872371,62.1268790908437,62.0,46.0194932155064,43.5,1.0,1.0,1.982220960926204,4.802824114720515,0.0,60.25894623269196,56.90426376163336,52.39184055596566,57.18246304244173,36.17081848189987,42.53912525187509,59.55024932840649,57.120902849887926,52.39372486456855,43.85337379534351,5.222615329210342,9.84867473360653,58.62762725081555
2026-08-28 11:30:57.972152,63.81830932729137,64.0,61.443285651269655,43.7890625,1.0,1.0,2.014243429738112,4.835794151376146,0.0,62.1268790908437,56.26492266168379,51.81625784963397,46.0194932155064,53.97921833575751,34.031724696455456,62.06804488360901,59.12124476283083,54.88174730307259,48.42196728781254,7.553386665607576,7.464067315512146,68.32388690043578
2026-08-28 11:31:05.934676,65.57053009883198,66.0,60.685257494901705,44.51953125,1.0,1.0,2.022759391888211,4.838847012841987,0.0,63.81830932729137,60.25894623269196,55.35414750284076,61.443285651269655,57.18246304244173,35.736525000000086,63.838572838989016,60.823975195496025,56.049345453892585,52.58008937029615,5.311583866140019,3.5027944524599732,70.91185081355205
2026-08-28 11:31:16.030733,67.42017214425616,67.0,51.66939857332175,68.4921875,2.0,2.0,2.049366846748454,4.837676438653637,0.0,65.57053009883198,62.1268790908437,56.90426376163336,60.685257494901705,46.0194932155064,36.17081848189987,65.60300385679317,62.57662659259984,57.932647239831034,55.1631860521998,5.293293053412455,5.649905357815349,70.89368952947537
2026-08-28 11:31:26.130720,69.27099243499669,69.0,64.18369126284938,68.03125,2.0,2.0,2.0456565361868133,4.846810481736369,0.0,67.42017214425616,63.81830932729137,56.26492266168379,51.66939857332175,61.443285651269655,53.97921833575751,67.42056489269494,64.74430488815197,58.84611577702427,56.86393154004844,5.452683107705319,2.7404056115797246,70.26267703950131
2026-08-28 11:31:34.110459,70.9581321895806,71.0,66.4931592334484,65.0625,2.0,2.0,2.0249086788875363,4.831854423868312,0.0,69.27099243499669,65.57053009883198,60.25894623269196,64.18369126284938,60.685257494901705,57.18246304244173,69.21643225627781,66.52750254763342,60.78208302320652,58.41571423854955,5.387602090748615,5.80790173854669,71.62168342108863
2026-08-28 11:31:44.205601,72.64635153081367,72.0,54.641443833760775,65.73828125,2.0,2.0,2.017976520998065,4.826305220883534,0.0,70.9581321895806,67.42017214425616,62.1268790908437,66.4931592334484,51.66939857332175,46.0194932155064,70.958492051797,68.28074795429508,61.77276477668619,59.852706008258615,5.226179386557519,2.9720452604390246,68.13890385061882
2026-08-28 11:31:54.299010,74.53204357423593,74.0,58.62762725081555,66.1171875,2.0,2.0,2.024247878101712,4.835029426189308,0.0,72.64635153081367,69.27099243499669,63.81830932729137,54.641443833760775,64.18369126284938,61.443285651269655,72.71217576487673,70.06637032878584,59.92074343934157,59.38342960818293,5.2610511392392425,-5.556064012033829,79.97969198540329
2026-08-28 11:32:02.297587,73.13507643471722,74.0,68.32388690043578,65.83984375,2.0,2.0,2.018844035693937,4.835268070847294,0.0,74.53204357423593,70.9581321895806,65.57053009883198,58.62762725081555,66.4931592334484,60.685257494901705,73.43782384658894,71.32712805143338,60.53098599500404,60.65653450910526,2.1769442451366245,1.8307276669873858,83.12643662068439
2026-08-28 11:32:12.398973,78.07371536185096,78.0,70.91185081355205,67.9140625,2.0,2.0,2.015408370778802,4.8571176885130365,0.0,73.13507643471722,72.64635153081367,67.42017214425616,68.32388690043578,54.641443833760775,51.66939857332175,75.24694512360136,73.10271858769917,65.9544549882678,63.863609882476986,5.427363831037283,16.270406979791275,87.7690072676991
2026-08-28 11:32:22.493992,79.77759842166623,79.0,70.89368952947537,69.10546875,2.0,2.0,2.0252519763833114,4.848140495867769,0.0,78.07371536185096,74.53204357423593,69.27099243499669,70.91185081355205,58.62762725081555,64.18369126284938,76.99546340607813,74.85381958547742,70.04314241448773,64.98194292691464,5.245554847430299,12.266062278659817,75.25570584449343
2026-08-28 11:32:32.597752,79.98579515781998,81.0,70.26267703950131,68.87109375,2.0,2.0,2.291132250718232,4.894442949407965,0.0,79.77759842166623,73.13507643471722,70.9581321895806,70.89368952947537,68.32388690043578,66.4931592334484,79.27903631377906,76.358430080184,70.68940579417624,65.61019589459015,6.850718723102759,1.9387901390655315,83.24448601373747
2026-08-28 11:32:40.660504,83.24078386414931,82.0,71.62168342108863,70.07421875,2.0,2.0,2.280495209167237,4.898635153129161,0.0,79.98579515781998,78.07371536185096,72.64635153081367,70.26267703950131,70.91185081355205,54.641443833760775,81.00139248121184,78.1241688024066,70.9260166633551,68.44023582581146,5.167068502298349,0.7098326075365833,83.9090713976097
2026-08-28 11:32:50.753173,85.03054077775987,84.0,68.13890385061882,70.6171875,2.0,2.0,2.412615630503496,4.903925619834711,0.0,83.24078386414931,79.77759842166623,74.53204357423593,71.62168342108863,70.89368952947537,58.62762725081555,82.75237326657638,79.87391833632726,70.00775477040293,70.02544859244533,5.252942356093641,-2.7547856788565497,83.39402317276536
2026-08-28 11:33:00.856443,86.84125676208217,86.0,79.97969198540329,70.53515625,2.0,2.0,2.4391520082508578,4.905837239028546,0.0,85.03054077775987,79.98579515781998,73.13507643471722,68.13890385061882,70.26267703950131,68.32388690043578,85.03752713466378,82.15828172422141,73.24675975237024,71.96808277327325,6.855461604262189,9.71701494590198,85.42685449655524
2026-08-28 11:33:08.684757,88.86015480487761,87.0,83.12643662068439,71.8671875,2.0,2.0,2.454796400970128,4.912834448160536,0.0,86.84125676208217,83.24078386414931,78.07371536185096,79.97969198540329,71.62168342108863,70.91185081355205,86.91065078157321,83.95602163139252,77.08167748556883,74.00384707446197,5.619370940728302,11.504753199595754,65.51817914603161
2026-08-28 11:33:18.772501,90.56786753349378,89.0,87.7690072676991,73.421875,2.0,2.0,2.458755576556963,4.921804356761199,0.0,88.86015480487761,85.03054077775987,79.77759842166623,83.12643662068439,68.13890385061882,70.89368952947537,88.75642636681785,85.75439981669712,83.62504529126227,76.8164000308326,5.537326755733915,19.630103417080278,87.48206522939815
2026-08-28 11:33:28.877504,92.56133041198234,91.0,75.25570584449343,73.421875,2.0,2.0,2.28530351785027,4.888478434504792,0.0,90.56786753349378,86.84125676208217,79.98579515781998,87.7690072676991,79.97969198540329,70.26267703950131,90.66311758345125,87.8503223590575,82.05038324429232,77.64857149833126,5.720073649900172,-4.723986140909858,73.76244125169887
2026-08-28 11:33:36.761505,94.63256484149854,92.0,83.24448601373747,73.74609375,2.0,2.0,2.2955630087552343,4.8886385896180204,0.0,92.56133041198234,88.86015480487761,83.24078386414931,75.25570584449343,83.12643662068439,71.62168342108863,92.58725426232489,89.74895252194905,82.08973304197667,79.58570526377275,5.772410036620926,0.11804939305308437,96.72273441549996
2026-08-28 11:33:46.867547,96.37794708308569,94.0,83.9090713976097,73.203125,2.0,2.0,2.170086899831833,4.870137957463115,0.0,94.63256484149854,90.56786753349378,85.03054077775987,83.24448601373747,87.7690072676991,68.13890385061882,94.5239474455222,91.64018690617002,80.80308775194686,82.21406652160456,5.810079549591904,-3.8599358700894015,95.48283515913508
2026-08-28 11:33:56.965839,98.1628242074928,96.0,83.39402317276536,72.9765625,2.0,2.0,2.138694620183477,4.863328949840316,0.0,96.37794708308569,92.56133041198234,86.84125676208217,83.9090713976097,75.25570584449343,79.97969198540329,96.39111204402569,93.52711481373846,83.51586019470416,82.78312171949824,5.601493795510464,8.138317328271924,84.13234044965586
2026-08-28 11:34:04.760833,95.98214285714286,97.0,85.42685449655524,73.91015625,2.0,2.0,2.1426496055525432,4.855925175082933,0.0,98.1628242074928,94.63256484149854,88.86015480487761,83.39402317276536,83.24448601373747,83.12643662068439,96.84097138257378,94.71411282244934,84.24331635564343,83.16652469881005,1.349578015644326,2.1823684828177647,99.6180231534967
2026-08-28 11:34:14.871030,101.87421156965218,99.0,65.51817914603161,73.91015625,2.0,2.0,2.120541532708593,4.842465753424658,0.0,95.98214285714286,96.37794708308569,90.56786753349378,85.42685449655524,83.9090713976097,87.7690072676991,98.67305954476261,96.5985034951424,78.11301893845074,79.4580533451988,5.4962644865664885,-18.39089225157808,99.04964436688734
2026-08-28 11:34:24.971272,103.714249671106,102.0,87.48206522939815,75.7265625,2.0,2.0,2.1725980363162245,4.864967075992169,0.0,101.87421156965218,98.1628242074928,92.56133041198234,65.51817914603161,83.39402317276536,75.25570584449343,100.52353469930034,98.45732337166301,79.475699623995,81.4957799093496,5.551425463613199,4.088042056632787,102.55797044279002
2026-08-28 11:34:32.959684,101.89437925715374,105.0,73.76244125169887,75.87109375,2.0,2.0,2.15791850093552,4.868418758716875,0.0,103.714249671106,95.98214285714286,94.63256484149854,87.48206522939815,85.42685449655524,83.24448601373747,102.49428016597064,99.66762577427221,75.58756187570954,79.91543911567648,5.912236400010883,-11.664413244856362,108.97984058550256
2026-08-28 11:34:43.051545,108.3541752883387,109.0,96.72273441549996,76.1171875,2.0,2.0,2.108576566423113,4.8531557516118085,0.0,101.89437925715374,101.87421156965218,96.37794708308569,73.76244125169887,65.51817914603161,83.9090713976097,104.65426807219949,101.66366380848105,85.98908029886566,82.0510496186582,6.47996371868652,31.204555269468344,103.77249714258946
2026-08-28 11:34:53.143673,110.9611716866386,112.0,95.48283515913508,76.09765625,2.0,2.0,2.111366880330808,4.856308023872678,0.0,108.3541752883387,103.714249671106,98.1628242074928,96.72273441549996,87.48206522939815,83.39402317276536,107.06990874404369,103.796721721672,88.65600360877797,84.06585161638648,7.24692201553259,8.000769929736933,121.2585723228863
2026-08-28 11:35:03.239234,114.14383130319004,115.0,84.13234044965586,76.171875,2.0,2.0,2.076012637352247,4.848576254826254,0.0,110.9611716866386,101.89437925715374,95.98214285714286,95.48283515913508,73.76244125169887,85.42685449655524,111.15305942605578,106.82366979601322,92.11263667476362,83.85009927523659,12.249452046036296,10.369899197956983,122.72035914010048
2026-08-28 11:35:10.957667,117.7032285961372,119.0,99.6180231534967,76.52734375,2.0,2.0,2.0866272177308223,4.859374999999999,0.0,114.14383130319004,108.3541752883387,101.87421156965218,84.13234044965586,96.72273441549996,65.51817914603161,114.26941052865527,109.46183930042737,93.07773292076256,89.53340660981411,9.3490533077985,2.8952887379967365,114.0093185048634
2026-08-28 11:35:21.045985,121.39446896675976,122.0,99.04964436688734,76.24609375,2.0,2.0,2.0135342135015084,4.842686431704735,0.0,117.7032285961372,110.9611716866386,103.714249671106,99.6180231534967,95.48283515913508,87.48206522939815,117.74717628869566,112.40854251636966,94.26666932334662,91.46133646606229,10.433297280121167,3.5668092077522573,134.35457336781414
2026-08-28 11:35:31.146312,125.48192988145423,126.0,102.55797044279002,76.578125,2.0,2.0,1.979317577088769,4.820585664335664,0.0,121.39446896675976,114.14383130319004,101.89437925715374,99.04964436688734,84.13234044965586,73.76244125169887,121.5265424814504,116.33980095375308,100.40854598772468,96.26059133124416,11.338098578264194,18.425629993134166,136.61851692297807
2026-08-28 11:35:38.884867,129.17586593796372,129.0,108.97984058550256,70.4375,2.0,2.0,2.0719832863547367,4.850572246065808,0.0,125.48192988145423,117.7032285961372,108.3541752883387,102.55797044279002,99.6180231534967,96.72273441549996,125.3507549287259,119.81008272869059,103.5291517983933,98.30344235957791,11.472637341826527,9.361817432005864,135.15638888205393
2026-08-28 11:35:48.977180,132.75905751203445,132.0,103.77249714258946,84.0859375,2.0,2.0,2.073707706106892,4.847801892042293,0.0,129.17586593796372,121.39446896675976,110.9611716866386,108.97984058550256,99.04964436688734,95.48283515913508,129.13895111048416,123.44306369958991,105.10343605696069,99.68505269015365,11.364588545274685,4.722852775702123,140.60541141194614
2026-08-28 11:35:59.071883,136.38091101579892,135.0,121.2585723228863,89.84375,3.0,3.0,2.095547575713369,4.8688953883825326,0.0,132.75905751203445,125.48192988145423,114.14383130319004,103.77249714258946,102.55797044279002,84.13234044965586,132.77194482193238,127.14924365169139,111.33697001699277,105.87275800235874,10.89898113434468,18.700601880096272,120.64034432573575
2026-08-28 11:36:06.929342,143.77587877720023,139.0,122.72035914010048,88.39453125,3.0,3.0,2.142906389365641,4.8901246253352255,0.0,136.38091101579892,129.17586593796372,117.7032285961372,121.2585723228863,108.97984058550256,99.6180231534967,137.63861576834452,131.49468534853523,115.9171428685254,109.72314733345935,14.600012839236513,13.740518554597926,137.73747073156954
2026-08-28 11:36:17.031906,146.9098277608916,142.0,114.0093185048634,90.26171875,3.0,3.0,2.141663489355334,4.9257618159203975,0.0,143.77587877720023,132.75905751203445,121.39446896675976,122.72035914010048,103.77249714258946,99.04964436688734,142.35553918463026,135.7472451475572,119.32941665595006,112.21642635645537,14.150770248857157,10.236821362273943,143.2782700628103
2026-08-28 11:36:27.129469,143.49710075150193,145.0,134.35457336781414,92.703125,3.0,3.0,2.519076612983236,4.968149221849252,0.0,146.9098277608916,136.38091101579892,125.48192988145423,114.0093185048634,121.2585723228863,102.55797044279002,144.72760242986456,138.74977362589848,123.69475033759268,117.51586017729274,7.116189735703017,13.096001044927846,141.67129979860255
2026-08-28 11:36:35.056133,147.16965332440128,149.0,136.61851692297807,93.6015625,3.0,3.0,2.5725474011380345,5.680327868852443,0.0,143.49710075150193,143.77587877720023,129.17586593796372,134.35457336781414,122.72035914010048,108.97984058550256,145.85886061226495,141.74873819030475,128.32746959855186,122.12230623353862,3.3937745472010477,13.89815778287759,154.35257474342347
2026-08-28 11:36:45.163585,157.8381698142177,152.0,135.15638888205393,93.3046875,3.0,3.0,2.522166479016174,4.9943015780245466,0.0,147.16965332440128,146.9098277608916,132.75905751203445,136.61851692297807,114.0093185048634,103.77249714258946,149.50164129670696,145.92859024066863,135.37649305761536,127.35295485678273,10.928342053326105,21.14707037719053,157.8878355162891
2026-08-28 11:36:55.263995,153.96357401250444,156.0,140.60541141194614,94.37109375,3.0,3.0,2.513559463533896,4.988482384823848,0.0,157.8381698142177,143.49710075150193,136.38091101579892,135.15638888205393,134.35457336781414,121.2585723228863,152.99046571704113,148.85903407345288,137.46010573899272,130.5774280382927,10.466473261002506,6.250838044131996,158.55862337210644
2026-08-28 11:37:03.014342,157.39617749153106,159.0,120.64034432573575,94.37109375,3.0,3.0,2.52547798790861,4.977513227513228,0.0,153.96357401250444,147.16965332440128,143.77587877720023,140.60541141194614,136.61851692297807,122.72035914010048,156.39930710608442,151.12908385917467,132.1340482065786,130.23075890256524,10.226524167129782,-15.97817259724232,156.7076486194044
2026-08-28 11:37:13.108089,169.07511272407348,162.0,137.73747073156954,96.59375,3.0,3.0,2.201456986860961,4.965762273901809,0.0,157.39617749153106,157.8381698142177,146.9098277608916,120.64034432573575,135.15638888205393,114.0093185048634,160.144954742703,154.823298019705,132.9944088230838,134.1854509403496,11.23694290985577,2.5810818495156127,139.06099274385315
2026-08-28 11:37:23.194883,172.86883082607548,165.0,143.2782700628103,98.65625,3.0,3.0,2.122520341348501,4.915734035549703,0.0,169.07511272407348,153.96357401250444,143.49710075150193,137.73747073156954,140.60541141194614,134.35457336781414,166.44670701389336,159.71858636546725,133.8853617067052,135.67273372284896,18.905256813571043,2.672858650864157,155.37368354333907
2026-08-28 11:37:33.290239,168.47518102634064,169.0,141.67129979860255,100.56640625,3.0,3.0,2.147975456833061,4.933141415448311,0.0,172.86883082607548,157.39617749153106,147.16965332440128,143.2782700628103,120.64034432573575,136.61851692297807,170.1397081921632,163.2695076491238,140.8956801976608,136.5148642021197,11.079003534809573,21.030955472866793,163.00771579367347
2026-08-28 11:37:41.195141,180.2041624499494,172.0,154.35257474342347,100.15625,3.0,3.0,2.195696163349929,4.97217252396166,0.0,168.47518102634064,169.07511272407348,157.8381698142177,141.67129979860255,137.73747073156954,135.15638888205393,173.84939143412183,166.99717308841244,146.43404820161211,139.71422851234794,11.129049725875916,16.61510401185393,178.79042791577078
2026-08-28 11:37:51.284358,183.91411474832807,176.0,157.8878355162891,100.078125,3.0,3.0,2.181298710765438,4.979310344827587,0.0,180.2041624499494,172.86883082607548,153.96357401250444,154.35257474342347,143.2782700628103,140.60541141194614,177.53115274153936,171.98892987771634,151.3039033527717,142.59463252973845,11.045283922252594,14.609565453478808,176.31068884208074
2026-08-28 11:38:01.383992,178.1635641079272,179.0,158.55862337210644,101.8046875,3.0,3.0,2.12999514193462,4.944458022730049,0.0,183.91411474832807,168.47518102634064,157.39617749153106,157.8878355162891,141.67129979860255,120.64034432573575,180.76061376873488,175.45016098044903,156.93301121060634,148.91434570413358,9.68838308158655,16.887323573503892,175.26391790953812
2026-08-28 11:38:09.325083,190.1716888577436,182.0,156.7076486194044,102.37109375,3.0,3.0,2.140312117572461,4.928784801051499,0.0,178.1635641079272,180.2041624499494,169.07511272407348,158.55862337210644,154.35257474342347,137.73747073156954,184.08312257133295,178.9662570027274,157.7180358359333,152.0760420187727,9.967526407794196,2.355073875980935,178.71338803553323
2026-08-28 11:38:19.406683,193.7235836454022,185.0,139.06099274385315,103.01171875,3.0,3.0,2.1596848345014124,4.928856304985337,0.0,190.1716888577436,183.91411474832807,172.86883082607548,156.7076486194044,157.8878355162891,143.2782700628103,187.3529455370243,182.44204913928183,151.44242157845466,151.37316246561318,9.809468897074112,-18.826842772435953,176.14635810171168
2026-08-28 11:38:29.500743,188.3855059138212,189.0,155.37368354333907,103.5703125,3.0,3.0,2.1617860965058022,4.947573656845753,0.0,193.7235836454022,178.1635641079272,168.47518102634064,139.06099274385315,158.55862337210644,141.67129979860255,190.76025947232233,185.7604366205286,150.38077496886555,153.65689308973595,10.221941805894005,-3.1849398287673694,171.9801290841142
2026-08-28 11:38:37.374282,191.7748103567174,192.0,163.00771579367347,103.4296875,3.0,3.0,2.2804253676582644,4.986358956760466,0.0,188.3855059138212,190.1716888577436,180.2041624499494,155.37368354333907,156.7076486194044,154.35257474342347,191.2946333053136,187.68887793832326,152.48079736028856,155.09941659811093,1.6031214989738203,6.30006717426906,159.61359335444916
2026-08-28 11:38:47.481389,205.21586675432832,195.0,178.79042791577078,103.8203125,3.0,3.0,2.218636800619435,4.96916545637359,0.0,191.7748103567174,193.7235836454022,183.91411474832807,163.00771579367347,139.06099274385315,157.8878355162891,195.1253943416223,191.23916993932332,165.72394241759443,158.58318199802457,11.49228310892613,39.72943517191763,169.39510801406632
2026-08-28 11:38:57.576737,199.5102245850514,199.0,176.31068884208074,104.44921875,3.0,3.0,2.2305675175669526,4.997379454926626,0.0,205.21586675432832,188.3855059138212,178.1635641079272,178.79042791577078,155.37368354333907,158.55862337210644,198.83363389869905,194.79694668551068,172.70294418384165,161.5418595763536,11.124718671230198,20.937005298741667,156.5714880368492
2026-08-28 11:39:05.491710,202.39440746787224,197.0,175.26391790953812,97.609375,3.0,3.0,2.176770985832557,4.976974753494419,0.0,199.5102245850514,191.7748103567174,190.1716888577436,176.31068884208074,163.00771579367347,156.7076486194044,202.3734996024173,196.83406645386546,176.7883448891299,164.63457112470923,10.619597111154832,12.256202115864653,149.20185293365975
2026-08-28 11:39:15.593393,213.31140350877192,192.0,178.71338803553323,97.6015625,3.0,3.0,2.179947784928564,4.97397459360534,0.0,202.39440746787224,205.21586675432832,193.7235836454022,175.26391790953812,178.79042791577078,139.06099274385315,205.07201185389852,200.09870309776042,176.76266492905071,171.24330367332257,8.0955367544436,-0.0770398802375496,153.29420186920643
2026-08-28 11:39:25.685934,212.8462095129493,187.0,176.14635810171168,101.51953125,3.0,3.0,2.084253448176375,4.960565956531095,0.0,213.31140350877192,199.5102245850514,188.3855059138212,178.71338803553323,176.31068884208074,155.37368354333907,209.51734016319782,204.17548703094846,176.70788801559434,174.705416099718,13.335984927897897,-0.16433074036905282,120.47945515115129
2026-08-28 11:39:33.589533,200.79876212780192,181.0,171.9801290841142,102.7578125,3.0,3.0,2.114174266999852,4.954839235281337,0.0,212.8462095129493,202.39440746787224,191.7748103567174,176.14635810171168,175.26391790953812,163.00771579367347,208.98545838317435,205.67947899279582,175.61329174045304,176.20081831479146,-1.5956453400703197,-3.283788825423926,128.88467557277232
2026-08-28 11:39:43.690473,205.77087395657605,177.0,159.61359335444916,115.375,4.0,4.0,2.345122175205032,4.998626989464245,0.0,200.79876212780192,213.31140350877192,205.21586675432832,171.9801290841142,178.71338803553323,178.79042791577078,206.4719485324424,205.77198019317044,169.24669351342501,173.00467922123786,-7.5405295521958635,-19.099794681084063,126.87545524464043
2026-08-28 11:39:53.785456,200.5126744517232,172.0,169.39510801406632,113.21484375,4.0,4.0,2.4036451183347656,5.719480519480514,0.0,205.77087395657605,212.8462095129493,199.5102245850514,159.61359335444916,176.14635810171168,176.31068884208074,202.3607701787004,205.93905517094913,166.99627681754325,171.85208241656878,-12.333535061226087,-6.75125008764536,102.9358265548716
2026-08-28 11:40:03.876827,186.2152610777692,166.0,156.5714880368492,113.19921875,4.0,4.0,2.3360955914654253,4.97866643126177,0.0,200.5126744517232,200.79876212780192,202.39440746787224,169.39510801406632,171.9801290841142,175.26391790953812,197.49960316202282,203.2425307725986,161.86006313512155,168.7366774377873,-14.583501050032709,-15.408641047265007,114.00786986122402
2026-08-28 11:40:11.785260,189.6820004821496,162.0,149.20185293365975,114.2890625,4.0,4.0,2.3662004879260143,4.949584637611365,0.0,186.2152610777692,205.77087395657605,213.31140350877192,156.5714880368492,159.61359335444916,178.71338803553323,192.136645337214,199.30429693482822,158.3894829948584,163.8180882541417,-16.088873474426464,-10.411740420789414,101.59587957679716
2026-08-28 11:40:21.874553,183.69896337855312,157.0,153.29420186920643,115.75,4.0,4.0,2.41841028358378,5.060937499999978,0.0,189.6820004821496,200.5126744517232,212.8462095129493,149.20185293365975,169.39510801406632,176.14635810171168,186.53207497949063,194.44642257909553,153.0225142799051,160.0093955487242,-16.813711073170083,-16.10090614485989,96.76608542281636
2026-08-28 11:40:31.972779,170.51182831684412,152.0,120.47945515115129,116.30859375,4.0,4.0,2.187187811579816,4.945970111125304,0.0,183.69896337855312,186.2152610777692,200.79876212780192,153.29420186920643,156.5714880368492,171.9801290841142,181.2975973925156,189.39860027726922,140.99183665133918,151.42594989323035,-15.703432760925097,-36.092032885697904,105.61832727381147
2026-08-28 11:40:39.826214,173.40736026684806,147.0,128.88467557277232,116.06640625,4.0,4.0,2.18656121285741,4.91868693487092,0.0,170.51182831684412,189.6820004821496,205.77087395657605,120.47945515115129,149.20185293365975,159.61359335444916,175.87271732074842,184.0046813289812,134.21944419771,146.30446359628422,-16.27464021530153,-20.317177360887428,85.36891384520624
2026-08-28 11:40:49.918317,167.9211744826527,141.0,126.87545524464043,116.35546875,4.0,4.0,2.230914211840012,4.91308461746418,0.0,173.40736026684806,183.69896337855312,200.5126744517232,128.88467557277232,153.29420186920643,169.39510801406632,170.6134543554483,178.57276466746944,125.41319532285468,139.2178548013799,-15.777788895900414,-26.418746624565998,103.12343410832436
2026-08-28 11:41:00.030121,154.777110073494,137.0,102.9358265548716,113.96875,4.0,4.0,2.2231550649349976,4.914893617021277,0.0,167.9211744826527,170.51182831684412,186.2152610777692,126.87545524464043,120.47945515115129,156.5714880368492,165.3685482743316,173.33307283342359,119.56531912409478,130.27857788771698,-15.73471824335013,-17.54362859627969,90.4307275466356
2026-08-28 11:41:07.964068,150.12562814070353,132.0,114.00786986122402,115.734375,4.0,4.0,2.2656374400278096,4.8989499424626,0.0,154.777110073494,173.40736026684806,189.6820004821496,102.9358265548716,128.88467557277232,149.20185293365975,157.60797089895007,166.74034410984925,114.60638388691201,124.41291404231102,-23.281732126144533,-14.8768057115483,74.38902058292474
2026-08-28 11:41:18.083956,151.93012487106898,126.0,101.59587957679716,115.51171875,4.0,4.0,2.342059354903944,4.951701550971239,0.0,150.12562814070353,167.9211744826527,183.69896337855312,114.00786986122402,126.87545524464043,153.29420186920643,152.27762102842215,161.44553769193524,106.17985866429758,115.79652699357614,-15.991049611583719,-25.279575667843275,87.89887636069928
2026-08-28 11:41:28.192101,139.58498933188304,122.0,96.76608542281636,115.30859375,4.0,4.0,2.378878961186791,4.996335119798234,0.0,151.93012487106898,154.777110073494,170.51182831684412,101.59587957679716,102.9358265548716,120.47945515115129,147.2135807812185,156.29106452777503,104.12327828694585,111.84429870552032,-15.19212074161095,-6.169741132055236,80.35980834962474
2026-08-28 11:41:36.088976,134.12822926472126,117.0,105.61832727381147,114.34375,4.0,4.0,2.366564429507073,5.226190476190477,0.0,139.58498933188304,150.12562814070353,173.40736026684806,96.76608542281636,114.00786986122402,128.88467557277232,141.88111448922442,149.74454269408724,101.32676409114167,107.96657398902683,-15.99739887598227,-8.38954258741255,67.97113247327358
2026-08-28 11:41:46.195157,135.3212014909011,112.0,85.36891384520624,114.34375,4.0,4.0,2.3792991809785287,5.1344537815126,0.0,134.12822926472126,151.93012487106898,167.9211744826527,105.61832727381147,101.59587957679716,126.87545524464043,136.34480669583513,144.31121386212865,95.9177755139447,101.04881708912114,-16.60892338016788,-16.226965731590923,71.68424567031859
2026-08-28 11:41:56.288866,129.63977987766108,107.0,103.12343410832436,114.7890625,4.0,4.0,2.3422874067308697,5.131198347107434,0.0,135.3212014909011,139.58498933188304,154.777110073494,85.36891384520624,96.76608542281636,102.9358265548716,133.02973687776114,140.12165882948983,98.03689174244737,101.08008501469659,-9.945209454221953,6.357348685508001,70.63215751053994
2026-08-28 11:42:04.206007,118.2327838674588,102.0,90.4307275466356,113.4921875,4.0,4.0,2.275023425866731,4.954235098726701,0.0,129.63977987766108,134.12822926472126,150.12562814070353,103.12343410832436,105.61832727381147,114.00786986122402,127.73125507867367,134.80618478394905,92.9743585000554,97.15056129559854,-15.89544539726245,-15.18759972717588,65.43152786628956
2026-08-28 11:42:14.302322,118.4181682669122,96.0,74.38902058292474,113.4921875,4.0,4.0,2.27718014362364,4.9525762253956005,0.0,118.2327838674588,135.3212014909011,151.93012487106898,90.4307275466356,85.36891384520624,101.59587957679716,122.09691067067736,129.22085868325624,89.3143940792949,92.6160847966198,-16.9030332239889,-10.979893262281493,52.29855064136683
2026-08-28 11:42:24.399471,113.17652732414126,91.0,87.89887636069928,112.97265625,4.0,4.0,2.363848089095232,4.979543147208123,0.0,118.4181682669122,129.63977987766108,139.58498933188304,74.38902058292474,103.12343410832436,96.76608542281636,116.60915981950409,124.81944834863263,84.2395414967532,91.13821661960027,-16.463252553519823,-15.224557747625084,54.568716103522
2026-08-28 11:42:32.245200,102.75233195298448,87.0,80.35980834962474,112.48046875,4.0,4.0,2.376236871972092,4.993954632998074,0.0,113.17652732414126,118.2327838674588,134.12822926472126,87.89887636069928,90.4307275466356,105.61832727381147,111.44900918134597,119.59013213000982,80.88256843108292,86.92846346556917,-15.48045191447433,-10.070919197010852,43.83331095465314
2026-08-28 11:42:42.347336,102.12009481169343,82.0,67.97113247327358,112.85546875,4.0,4.0,2.4437763200084897,5.330645161290315,0.0,102.75233195298448,118.4181682669122,135.3212014909011,80.35980834962474,74.38902058292474,85.36891384520624,106.0163180296064,114.05661435014188,78.74327239453254,84.02883323691371,-16.29807345521877,-6.417888109651159,44.1422753928615
2026-08-28 11:42:52.440185,96.91649292219904,77.0,71.68424567031859,113.23046875,4.0,4.0,2.4524726385869644,5.590243902439016,0.0,102.12009481169343,113.17652732414126,129.63977987766108,67.97113247327358,87.89887636069928,103.12343410832436,100.59630656229233,108.6027331908982,73.33839549773897,78.78896849724609,-16.26003440194222,-16.214630690380687,40.61055010576638
2026-08-28 11:43:02.537432,87.244246193797,72.0,70.63215751053994,112.56640625,4.0,4.0,2.43592176302536,5.255235602094226,0.0,96.91649292219904,102.75233195298448,118.2327838674588,71.68424567031859,80.35980834962474,90.4307275466356,95.42694464256316,103.43797691195455,70.09584521804403,75.48920682456348,-15.50808575918748,-9.727650839084802,53.57659877074715
2026-08-28 11:43:10.471734,82.01047120418849,67.0,65.43152786628956,112.30859375,4.0,4.0,2.3658964519919365,4.982855612108224,0.0,87.244246193797,102.12009481169343,118.4181682669122,70.63215751053994,67.97113247327358,74.38902058292474,88.72373677339483,97.37002740150062,69.24931034904937,73.99629137179095,-20.109623607504943,-2.539604606984028,57.1583271262416
2026-08-28 11:43:20.560006,80.40531648901172,62.0,52.29855064136683,112.7265625,4.0,4.0,2.398959746317773,4.99240252293578,0.0,82.01047120418849,96.91649292219904,113.17652732414126,65.43152786628956,71.68424567031859,87.89887636069928,83.22001129566574,91.90815892897903,62.78741200606544,68.06290375190221,-16.511176433187316,-19.38569502895176,58.760056171743614
2026-08-28 11:43:30.650567,71.69282862696738,57.0,54.568716103522,112.953125,4.0,4.0,2.3135842979592565,4.941613588110403,0.0,80.40531648901172,87.244246193797,102.75233195298448,52.29855064136683,70.63215751053994,80.35980834962474,78.03620544005587,86.73157504130951,57.43293153705946,63.76438837755175,-15.551417566829613,-16.06344140701794,65.51762904902506
2026-08-28 11:43:38.642519,66.070271513074,52.0,43.83331095465314,112.96484375,4.0,4.0,2.312483605504545,4.913203534031413,0.0,71.69282862696738,82.01047120418849,102.12009481169343,54.568716103522,65.43152786628956,67.97113247327358,72.72280554301771,80.72327115820627,50.23352589984733,59.74141812444834,-15.940199691114486,-21.598216911636413,89.58894514094703
2026-08-28 11:43:48.733595,64.6903215933189,56.0,44.1422753928615,112.9140625,4.0,4.0,2.36149168739436,4.909273489346838,0.0,66.070271513074,80.40531648901172,96.91649292219904,43.83331095465314,52.29855064136683,71.68424567031859,67.48447391112009,75.35224260339292,47.514767483678874,55.15108974487216,-15.714994895692826,-8.156275248505331,90.38460688819112
2026-08-28 11:43:58.825955,63.07251699787936,64.0,40.61055010576638,115.32421875,4.0,4.0,2.356784303639271,4.908219914040115,0.0,64.6903215933189,71.69282862696738,87.244246193797,44.1422753928615,54.568716103522,70.63215751053994,64.61103670142408,71.32362107073997,42.86204548442701,50.14748851074324,-8.620311629088022,-13.958165997755621,109.31475536592346
2026-08-28 11:44:06.943698,61.56833270700238,74.0,53.57659877074715,116.11328125,4.0,4.0,2.318217342488549,4.88074912891986,0.0,63.07251699787936,66.070271513074,82.01047120418849,40.61055010576638,43.83331095465314,65.43152786628956,63.110390432733546,67.91659798787562,46.10980808979167,48.1716669948195,-4.501938806071628,9.743287816094004,112.40491894826856
2026-08-28 11:44:17.032628,68.4907633321715,82.0,57.1583271262416,115.90234375,4.0,4.0,2.2875384125872498,4.862837617962903,0.0,61.56833270700238,64.6903215933189,80.40531648901172,53.57659877074715,44.1422753928615,52.29855064136683,64.3772043456844,65.93083912840224,50.44849200091838,48.98162974229863,3.800441738852598,13.016051733380102,125.42536137756274
2026-08-28 11:44:27.126615,75.94274883994511,89.0,58.760056171743614,119.2109375,4.0,4.0,2.1854765562249314,4.841666666666667,0.0,68.4907633321715,63.07251699787936,71.69282862696738,57.1583271262416,40.61055010576638,54.568716103522,68.667281626373,66.63915916389854,56.49832735624412,49.68018642033556,12.870231842065749,18.149506065977235,117.50643828041046
2026-08-28 11:44:35.261524,81.23984501937258,98.0,65.51762904902506,120.55859375,4.0,4.0,2.079745268204909,4.816692667706708,0.0,75.94274883994511,61.56833270700238,66.070271513074,58.760056171743614,53.57659877074715,43.83331095465314,75.22445239716306,69.1674214149483,60.478670782336756,53.29423943606421,19.671512312370204,11.941030278277914,144.6209454614361
2026-08-28 11:44:45.354381,93.62783424550432,106.0,89.58894514094703,124.6328125,4.0,4.0,2.003346621865665,4.797765363128492,0.0,81.23984501937258,68.4907633321715,64.6903215933189,65.51762904902506,57.1583271262416,44.1422753928615,83.60347603494067,73.99034019031255,71.28887678723856,60.86868439407848,25.13707091333282,32.43061801470543,144.34515194451305
2026-08-28 11:44:55.460955,105.70266219399043,123.0,90.38460688819112,124.84375,4.0,4.0,2.08223610128294,4.793696763202726,0.0,93.62783424550432,75.94274883994511,63.07251699787936,89.58894514094703,58.760056171743614,40.61055010576638,93.52344715295578,81.09536438966438,81.83039369272107,69.1643605244826,29.759913354045324,31.6245507164475,143.58563965806766
2026-08-28 11:45:03.071995,115.57707538339692,131.0,109.31475536592346,126.56640625,4.0,4.0,1.9958361889407308,4.787284144427001,0.0,105.70266219399043,81.23984501937258,61.56833270700238,90.38460688819112,65.51762904902506,53.57659877074715,104.96919060763055,90.09682150239682,96.42943579835388,78.45405329034531,34.337230364024336,43.7971263168984,147.70386005119198
2026-08-28 11:45:13.187379,124.61524615246154,139.0,112.40491894826856,126.0546875,4.0,4.0,1.9704217620972573,4.7901310997815,0.0,115.57707538339692,93.62783424550432,68.4907633321715,109.31475536592346,89.58894514094703,57.1583271262416,115.29832790994963,99.45090197244515,104.03476040079438,87.66181859401648,30.98741190695722,22.815973807321527,144.43034469711745
2026-08-28 11:45:23.283088,133.61293109655122,148.0,125.42536137756274,129.03125,4.0,4.0,1.9172765699850915,4.7887070487573,0.0,124.61524615246154,105.70266219399043,75.94274883994511,112.40491894826856,90.38460688819112,58.760056171743614,124.6017508774699,109.06259901521283,115.71501189725159,98.77270279498633,27.910268902560787,35.04075448937162,173.62132766405895
2026-08-28 11:45:33.379201,137.8375089104091,156.0,117.50643828041046,129.26171875,4.0,4.0,1.8829512607213024,4.788048315321042,0.0,133.61293109655122,115.57707538339692,81.23984501937258,125.42536137756274,109.31475536592346,65.51762904902506,132.02189538647397,118.49554299705225,118.44557286874725,107.43750433355056,22.260433527012182,8.191682914487004,139.4025428692321
2026-08-28 11:45:41.176640,152.53132469037442,164.0,144.6209454614361,129.421875,3.0,3.0,1.8733103594065503,4.794387204983827,0.0,137.8375089104091,124.61524615246154,93.62783424550432,117.50643828041046,112.40491894826856,89.58894514094703,141.32725489911158,128.3127914045306,129.18424837313646,116.60950438696541,27.91607853791288,32.216026513167535,166.51132405609016
2026-08-28 11:45:51.266979,161.47606286666183,173.0,144.34515194451305,131.15625,3.0,3.0,1.781358919376419,4.796252264492754,0.0,152.53132469037442,133.61293109655122,105.70266219399043,144.6209454614361,125.42536137756274,90.38460688819112,150.61496548914843,137.60835818330918,135.49084522878653,125.60292856301906,27.863131770110613,18.91979056695031,146.20081400291107
2026-08-28 11:46:01.358024,163.1779587593138,182.0,143.58563965806766,131.16015625,3.0,3.0,1.7753012946607791,4.792219961447847,0.0,161.47606286666183,137.8375089104091,115.57707538339692,144.34515194451305,117.50643828041046,109.31475536592346,159.06178210545002,145.541838745962,144.1839123546723,131.31474261170976,25.34044984890471,26.0792013776572,201.77023627977192
2026-08-28 11:46:09.218796,178.72723994952224,189.0,147.70386005119198,131.15234375,3.0,3.0,1.7835699008472057,4.793515879478828,0.0,163.1779587593138,152.53132469037442,124.61524615246154,143.58563965806766,144.6209454614361,112.40491894826856,167.7937538584993,154.56050437880543,145.21155055125757,137.197899462197,26.195915259147824,3.0829145897558874,175.95229008393937
2026-08-28 11:46:19.309819,187.66901027582475,198.0,144.43034469711745,105.26953125,3.0,3.0,1.7963796265129015,4.795141582622188,0.0,178.72723994952224,161.47606286666183,133.61293109655122,147.70386005119198,144.34515194451305,125.42536137756274,176.52473632822026,163.56985090868434,145.23994813545903,140.3653966821228,26.19294740916291,0.0851927526043994,211.941674485213
2026-08-28 11:46:29.404906,196.75145571559915,206.0,173.62132766405895,106.00390625,3.0,3.0,1.805654923591288,4.788607185739355,0.0,187.66901027582475,163.1779587593138,137.8375089104091,144.43034469711745,143.58563965806766,117.50643828041046,187.71590198031538,173.38884204288271,155.25184413745615,149.7178782460642,33.57349695628534,30.03568800599129,200.6346058276921
2026-08-28 11:46:37.433895,204.91185235718643,214.0,139.4025428692321,105.76171875,3.0,3.0,1.8083434132642733,4.784371690787151,0.0,196.75145571559915,178.72723994952224,152.53132469037442,173.62132766405895,147.70386005119198,144.6209454614361,196.44410611620344,182.11892998735138,152.48473841013617,148.84814448069687,26.18461240766419,-8.301317181959888,254.4476855079696
2026-08-28 11:46:47.520301,213.98179565896484,223.0,166.51132405609016,107.1953125,3.0,3.0,1.931024007718692,4.799936413734633,0.0,204.91185235718643,187.66901027582475,161.47606286666183,139.4025428692321,144.43034469711745,144.34515194451305,205.21503457725012,190.8698854527352,159.84506486312708,152.54250649929307,26.312785383140096,22.080979358972712,200.3837934510546
2026-08-28 11:46:57.625434,222.9582951832104,231.0,146.20081400291107,107.08984375,3.0,3.0,1.9437478301916755,4.817130953353485,0.0,213.98179565896484,196.75145571559915,163.1779587593138,166.51132405609016,173.62132766405895,143.58563965806766,213.95064773312052,200.83327485671796,150.70489364274445,152.9783688901003,26.206839467611246,-27.42051366114788,235.61608854451072
2026-08-28 11:47:05.481535,231.86063218390808,239.0,201.77023627977192,127.76171875,4.0,4.0,1.9221924636713807,4.815272870043188,0.0,222.9582951832104,204.91185235718643,178.72723994952224,146.20081400291107,139.4025428692321,147.70386005119198,222.93357434202778,209.6888402291156,171.49412477959106,161.98943159486362,26.948779826721648,62.36769341053983,248.1741787089218
2026-08-28 11:47:15.577246,240.8764367816092,248.0,175.95229008393937,127.3359375,4.0,4.0,1.9020180651654264,4.813888469094756,0.0,231.86063218390808,213.98179565896484,187.66901027582475,201.77023627977192,166.51132405609016,144.43034469711745,231.89845471624255,218.55674464674635,174.6411134555408,167.24308915933395,26.894641122644344,9.440966027849214,299.7365344066853
2026-08-28 11:47:25.670295,249.7710088184056,256.0,211.941674485213,123.22265625,4.0,4.0,1.958573678627864,4.861879876343294,0.0,240.8764367816092,222.9582951832104,196.75145571559915,175.95229008393937,146.20081400291107,173.62132766405895,240.8360259279743,227.39333683054744,196.5547336163081,173.6298136295263,26.812713635195195,65.74086048230194,291.28815212377066
2026-08-28 11:47:33.527783,247.14581980434463,256.0,200.6346058276921,123.51953125,4.0,4.0,1.9826197901159897,4.878188386872116,0.0,249.7710088184056,231.86063218390808,204.91185235718643,211.941674485213,201.77023627977192,139.4025428692321,245.9310884681198,234.4323314050738,196.1761901322815,183.83515745593627,15.285187620436545,-1.1356304520798233,299.0189542264864
2026-08-28 11:47:43.620139,268.3928861019515,273.0,254.4476855079696,124.29296875,4.0,4.0,1.98024914716336,4.88512393841055,0.0,247.14581980434463,240.8764367816092,213.98179565896484,200.6346058276921,175.95229008393937,166.51132405609016,255.10323824156725,243.50084647890492,222.34132194029158,198.4912176979162,27.516449320342304,78.49539542403022,322.6731252076964
2026-08-28 11:47:53.722242,277.348325134692,281.0,200.3837934510546,124.29296875,4.0,4.0,1.952654112460983,4.874783304440593,0.0,268.3928861019515,249.7710088184056,222.9582951832104,254.4476855079696,211.941674485213,146.20081400291107,264.2956770136627,252.5658514708185,218.4886949289054,207.52171427260677,27.577316316286414,-11.557881034158413,277.6006438104512
2026-08-28 11:48:03.819835,275.06925207756234,289.0,235.61608854451072,146.0703125,5.0,5.0,1.935691377682767,4.864502094747019,0.0,277.348325134692,247.14581980434463,231.86063218390808,200.3837934510546,200.6346058276921,201.77023627977192,273.60348777140194,259.7672881197609,230.14918916784495,213.16268965006324,27.923432273217713,34.98148271681862,289.12458318352947
2026-08-28 11:48:11.640997,295.22024367385194,298.0,248.1741787089218,144.7265625,5.0,5.0,1.970240757814348,4.8792800702370505,0.0,275.06925207756234,268.3928861019515,240.8764367816092,235.61608854451072,254.4476855079696,175.95229008393937,282.5459402953688,268.824589268468,228.05802023482906,225.19967108756032,26.82735757190045,-6.273506799047794,297.2458581239645
2026-08-28 11:48:21.738439,303.3306899286281,296.0,299.7365344066853,149.15234375,5.0,5.0,1.9591846701129711,4.878707433174661,0.0,295.22024367385194,277.348325134692,249.7710088184056,248.1741787089218,200.3837934510546,211.941674485213,291.20672856001414,277.7512027868384,261.1756005533726,239.832147741139,25.982364793936085,99.35274095563068,267.44904805814394
2026-08-28 11:48:31.830703,308.6655612428808,289.0,291.28815212377066,149.515625,5.0,5.0,1.978017081163276,4.891377547952619,0.0,303.3306899286281,275.06925207756234,247.14581980434463,299.7365344066853,235.61608854451072,200.6346058276921,302.40549828178695,288.00449302659445,279.7329550797926,254.94107212381877,33.59630916531847,55.67206357925994,252.02034203101783
2026-08-28 11:48:39.732943,311.0582896656042,282.0,299.0189542264864,149.77734375,5.0,5.0,1.970825961329398,4.91032315978456,0.0,308.6655612428808,295.22024367385194,268.3928861019515,291.28815212377066,248.1741787089218,254.4476855079696,307.68484694570435,295.11539362053657,296.68121358564747,262.3696169102382,15.838045991752267,50.844775517564614,253.90941598618303
2026-08-28 11:48:49.824661,311.1483262204455,276.0,322.6731252076964,148.03125,5.0,5.0,1.9865676513688533,4.905579463271772,0.0,311.0582896656042,303.3306899286281,277.348325134692,299.0189542264864,299.7365344066853,200.3837934510546,310.2907257096435,300.7487271348288,304.32674385265113,282.7511722030119,7.817636291817394,22.936590801011107,230.31130110025305
2026-08-28 11:48:59.920444,308.4527839804077,269.0,277.6006438104512,147.89453125,5.0,5.0,2.054785282636735,4.928696916459684,0.0,311.1483262204455,308.6655612428808,275.06925207756234,322.6731252076964,291.28815212377066,235.61608854451072,310.21979995548577,306.31264911863633,299.76424108154464,289.7485980806686,-0.21277726247313922,-13.687508313319483,214.85512380995084
2026-08-28 11:49:07.792235,302.9436107812444,262.0,289.12458318352947,148.734375,5.0,5.0,2.145081016927222,4.972688553130635,0.0,308.4527839804077,311.0582896656042,295.22024367385194,277.6006438104512,299.0189542264864,248.1741787089218,307.5149069940325,307.59987696986843,296.46611740055897,296.5736654931032,-8.114678884359819,-9.894371042956948,225.13482826384768
2026-08-28 11:49:17.891663,295.7771820291837,255.0,297.2458581239645,149.1484375,5.0,5.0,2.123132527586981,4.959683053861788,0.0,302.9436107812444,311.1483262204455,303.3306899286281,289.12458318352947,322.6731252076964,299.7365344066853,302.3911922636119,306.3409589866277,287.99036170598174,296.15855277931644,-15.371144191261806,-25.427267083731863,221.1346435261727
2026-08-28 11:49:27.979576,288.557034904642,249.0,267.44904805814394,148.7578125,5.0,5.0,2.119239043825272,4.945784110086979,0.0,295.7771820291837,308.4527839804077,308.6655612428808,297.2458581239645,277.6006438104512,291.28815212377066,295.75927590502334,302.9895379302546,284.60649645521266,292.1853687683786,-19.89574907576565,-10.15159575230723,206.0065319874444
2026-08-28 11:49:35.896801,281.3247701800781,242.0,252.02034203101783,149.53125,5.0,5.0,2.0891019535746467,4.904945853143159,0.0,288.557034904642,302.9436107812444,311.0582896656042,267.44904805814394,289.12458318352947,299.0189542264864,288.5529957046346,298.03395134933356,272.23841607104214,284.3522667358006,-21.618840601166312,-37.104241152511634,211.6712853468449
2026-08-28 11:49:46.024483,273.8410059906093,235.0,253.90941598618303,149.671875,5.0,5.0,2.182038629549313,4.956436797367699,0.0,281.3247701800781,295.7771820291837,311.1483262204455,252.02034203101783,297.2458581239645,322.6731252076964,281.24093702510976,291.81606464436084,257.79293535844823,272.891648532215,-21.936176038574388,-43.33644213778149,201.4527251520811
2026-08-28 11:49:56.109522,266.89693633403493,229.0,230.31130110025305,149.484375,5.0,5.0,2.195549896602901,4.964144829529445,0.0,273.8410059906093,288.557034904642,308.4527839804077,253.90941598618303,267.44904805814394,277.6006438104512,274.0209041682408,284.8900900366321,245.41368637248465,265.01009141384867,-21.66009857060709,-37.1377469578909,182.92334067428564
2026-08-28 11:50:03.936168,249.53300124533,222.0,214.85512380995084,148.4921875,5.0,5.0,2.1250082031608155,4.909603811434303,0.0,266.89693633403493,281.3247701800781,302.9436107812444,230.31130110025305,252.02034203101783,289.12458318352947,263.4236478566581,275.98832178064634,233.02528029879565,252.63184818491888,-31.791768934748063,-37.16521822106699,187.5286266019503
2026-08-28 11:50:14.035681,252.53379898828052,215.0,225.13482826384768,147.46484375,5.0,5.0,2.1663134905189545,4.911040683962264,0.0,249.53300124533,273.8410059906093,295.7771820291837,214.85512380995084,253.90941598618303,297.2458581239645,256.3212455225485,268.78109127382913,223.43375105801718,240.61334320823275,-21.307207002328767,-28.774587722335355,185.5231799824944
2026-08-28 11:50:24.119739,245.68383531063785,209.0,221.1346435261727,148.0703125,5.0,5.0,2.1982071885811854,4.924696048632219,0.0,252.53379898828052,266.89693633403493,288.557034904642,225.13482826384768,230.31130110025305,267.44904805814394,249.25021184808278,261.6355580081618,220.3748651999904,232.8942757862375,-21.213101023397087,-9.176657574080338,155.29803523118449
2026-08-28 11:50:34.224913,227.8555266906897,202.0,206.0065319874444,148.6796875,5.0,5.0,2.304668119529417,4.982254797955444,0.0,245.68383531063785,249.53300124533,281.3247701800781,221.1346435261727,214.85512380995084,252.02034203101783,242.024386996536,252.72401742659704,217.42533459248827,225.22530744564196,-21.677474554640327,-8.84859182250645,155.1490119735364
2026-08-28 11:50:42.100406,231.403916482012,195.0,211.6712853468449,148.14453125,5.0,5.0,2.360751501712476,4.997788878879698,0.0,227.8555266906897,252.53379898828052,273.8410059906093,206.0065319874444,225.13482826384768,253.90941598618303,234.98109282777986,245.65116917516414,212.93748695348734,218.18561900575227,-21.12988250626853,-13.46354291700277,148.3729413772403
2026-08-28 11:50:52.212388,224.16184762831256,188.0,201.4527251520811,147.94140625,5.0,5.0,2.4545441486540938,5.876358695652172,0.0,231.403916482012,245.68383531063785,266.89693633403493,211.6712853468449,221.1346435261727,230.31130110025305,227.80709693367143,238.5286543908771,206.3768474954568,213.37585634772358,-21.52198768232529,-19.681918374091623,143.56693610885927
2026-08-28 11:51:02.298387,216.90567125459395,182.0,182.92334067428564,148.375,5.0,5.0,2.424590028488463,5.867924528301867,0.0,224.16184762831256,227.8555266906897,249.53300124533,201.4527251520811,206.0065319874444,214.85512380995084,224.1571451216395,233.09076605908777,198.68245039107055,208.0538924917794,-10.949855436095731,-23.08319131315875,132.70000014708745
2026-08-28 11:51:10.075295,209.91506014318952,175.0,187.5286266019503,148.19921875,5.0,5.0,2.433228708591206,5.828402366863904,0.0,216.90567125459395,231.403916482012,252.53379898828052,182.92334067428564,211.6712853468449,225.13482826384768,216.99419300869866,225.9876429182393,190.6348974761057,201.7861922147965,-21.488856338822472,-24.142658744894618,110.0682396455257
2026-08-28 11:51:20.165735,202.71586236745296,168.0,185.5231799824944,148.4765625,5.0,5.0,2.420649723245296,5.88659274193548,0.0,209.91506014318952,224.16184762831256,245.68383531063785,187.5286266019503,201.4527251520811,221.1346435261727,209.84553125507878,218.8263140943751,185.32504908624344,195.85094829085014,-21.4459852608596,-15.929545169586675,132.68922873344448
2026-08-28 11:51:30.267530,195.646685421626,162.0,155.29803523118449,147.9375,5.0,5.0,2.287393267489996,4.984789127490811,0.0,202.71586236745296,216.90567125459395,227.8555266906897,185.5231799824944,182.92334067428564,206.0065319874444,202.75920264408947,213.4581738828645,176.11661393854305,187.3995321648068,-21.258985832967966,-27.625305443101155,125.15118031657364
2026-08-28 11:51:37.981079,188.90034177833235,156.0,155.1490119735364,148.125,5.0,5.0,2.208755998467905,4.962388716614984,0.0,195.646685421626,209.91506014318952,231.403916482012,155.29803523118449,187.5286266019503,211.6712853468449,195.75429652247044,206.37424476558456,165.3234090624051,177.97915326925536,-21.014718364857174,-32.37961462841389,122.12341780768112
2026-08-28 11:51:48.082916,181.5798039712105,149.0,148.3729413772403,148.1796875,5.0,5.0,2.099030897400052,4.902359411946129,0.0,188.90034177833235,202.71586236745296,224.16184762831256,155.1490119735364,185.5231799824944,201.4527251520811,188.70894372372297,199.27723748940085,152.93999619398707,169.13252264011527,-21.136058396242447,-37.15023860525412,103.08589222169591
2026-08-28 11:51:58.186880,174.45161756993798,142.0,143.56693610885927,148.18359375,5.0,5.0,2.164233741162943,4.917713028546898,0.0,181.5798039712105,195.646685421626,216.90567125459395,148.3729413772403,155.29803523118449,182.92334067428564,181.64392110649362,192.20156187529156,149.02962981987866,162.57312187921085,-21.19506785168801,-11.731099122325219,101.90334798025349
2026-08-28 11:52:05.977523,160.5088246012877,136.0,132.70000014708745,148.16796875,5.0,5.0,2.2198194869715624,4.919680851063829,0.0,174.45161756993798,188.90034177833235,209.91506014318952,143.56693610885927,155.1490119735364,187.5286266019503,172.18008204747875,183.96718928497458,141.546625877729,153.43501747006704,-28.391517177044648,-22.449011826448952,103.71324468851996
2026-08-28 11:52:16.074279,160.00506173509046,128.0,110.0682396455257,148.19140625,5.0,5.0,2.248343844478325,4.892540725921692,0.0,160.5088246012877,181.5798039712105,202.71586236745296,132.70000014708745,148.3729413772403,185.5231799824944,164.9885013021054,176.84872251291418,128.77839196715746,140.85919408057225,-21.574742236120045,-38.3047017317146,101.44899715189418
2026-08-28 11:52:26.177040,144.21705946489976,122.0,132.68922873344448,148.43359375,5.0,5.0,2.2726297721387563,4.885693987436435,0.0,160.00506173509046,174.45161756993798,195.646685421626,110.0682396455257,143.56693610885927,155.29803523118449,154.91031526709264,168.27711818679313,125.15248950868586,137.09105966428226,-30.234558105038218,-10.877707375414786,105.99679409172532
2026-08-28 11:52:34.007175,136.83062859059842,115.0,125.15118031657364,148.94140625,5.0,5.0,2.3083070680354174,4.8901246253352255,0.0,144.21705946489976,160.5088246012877,188.90034177833235,132.68922873344448,132.70000014708745,155.1490119735364,147.01758326352956,159.59883265550414,122.63621623184794,132.09142105478847,-23.678196010689277,-7.548819830513807,112.08416820851672
2026-08-28 11:52:44.108356,136.51275953937954,109.0,122.12341780768112,148.4453125,5.0,5.0,2.353128646773938,4.891214084039196,0.0,136.83062859059842,160.00506173509046,181.5798039712105,125.15118031657364,110.0682396455257,148.3729413772403,139.18681586495924,152.08765858353232,126.65460895256642,127.71650045986193,-23.49230219571092,12.055178162155428,130.40525497523552
2026-08-28 11:52:54.201323,129.11464869982606,102.0,103.08589222169591,148.4453125,5.0,5.0,2.307921493860448,4.889239950851325,0.0,136.51275953937954,144.21705946489976,174.45161756993798,122.12341780768112,132.68922873344448,143.56693610885927,134.152678943268,144.5314971051803,116.78683011531689,120.9696598120014,-15.1024107650737,-29.603336511748566,125.62098988331974
2026-08-28 11:53:04.291952,117.0480261503646,108.0,101.90334798025349,148.27734375,5.0,5.0,2.302259007877889,4.874816244027931,0.0,129.11464869982606,136.83062859059842,160.5088246012877,103.08589222169591,125.15118031657364,132.70000014708745,127.55847812985672,137.28803069669314,109.03755266987685,115.83688445086239,-19.782602440233816,-23.247832336320158,129.3672326641734
2026-08-28 11:53:12.156058,120.60964613252986,118.0,103.71324468851996,148.984375,5.0,5.0,2.240162007111583,4.8571694946858095,0.0,117.0480261503646,136.51275953937954,160.00506173509046,101.90334798025349,122.12341780768112,110.0682396455257,122.25744032757352,130.72212809626637,102.90082829682312,114.77771862469478,-15.903113406849684,-18.410173119161158,159.34640405672633
2026-08-28 11:53:22.252078,122.35247542173444,127.0,101.44899715189418,148.79296875,5.0,5.0,2.1557158099946303,4.842266813267363,0.0,120.60964613252986,129.11464869982606,144.21705946489976,103.71324468851996,103.08589222169591,132.68922873344448,120.00338256820964,127.07803075573882,102.3551966068892,109.57101336110304,-6.762173278091623,-1.6368950698017386,172.12085482476317
2026-08-28 11:53:32.347797,121.20894772117964,138.0,105.99679409172532,149.9453125,5.0,5.0,2.086836322218362,4.849708943376257,0.0,122.35247542173444,117.0480261503646,136.83062859059842,101.44899715189418,101.90334798025349,125.15118031657364,121.390356425148,124.47441727750237,103.71967864404648,106.37861565696168,4.160921570815034,4.093446111471835,179.6092323712259
2026-08-28 11:53:40.189843,135.41437678610683,147.0,112.08416820851672,149.5625,5.0,5.0,2.005471456168961,4.836363636363636,0.0,121.20894772117964,120.60964613252986,136.51275953937954,105.99679409172532,103.71324468851996,122.12341780768112,126.32526664300697,124.29135348529024,106.5099864840454,104.70540739043427,14.804730653576968,8.37092351999675,181.95741038311584
2026-08-28 11:53:50.282754,146.36505528809167,157.0,130.40525497523552,151.6796875,5.0,5.0,1.9466252218385136,4.832747555012226,0.0,135.41437678610683,122.35247542173444,129.11464869982606,112.08416820851672,101.44899715189418,103.08589222169591,134.3294599317927,127.16642125000118,116.16207242515918,109.2586345160242,24.01257986635723,28.956257823341346,194.6446368941056
2026-08-28 11:54:00.372897,149.9214577442664,167.0,125.62098988331974,153.5703125,5.0,5.0,1.9004730743227127,4.826188786373314,0.0,146.36505528809167,121.20894772117964,117.0480261503646,130.40525497523552,105.99679409172532,101.90334798025349,143.90029660615497,132.64532651565148,122.7034710223573,113.21157483320191,28.712510023086764,19.624195791594417,214.0355634527732
2026-08-28 11:54:08.148942,160.39039919574415,177.0,129.3672326641734,154.08984375,5.0,5.0,1.913322229694729,4.863684984623613,0.0,149.9214577442664,135.41437678610683,120.60964613252986,125.62098988331974,112.08416820851672,103.71324468851996,152.2256374093674,139.2754520261872,128.4644925075762,117.48723949581081,24.976022409637324,17.283064455656685,245.6880597500597
2026-08-28 11:54:18.242838,179.53289748838847,187.0,159.34640405672633,157.5859375,5.0,5.0,1.9008690652361704,4.87309724493647,0.0,160.39039919574415,146.36505528809167,122.35247542173444,129.3672326641734,130.40525497523552,101.44899715189418,163.28158480946635,148.80552237062952,138.11154220140648,127.13680731328286,33.1678422002968,28.941149081490806,239.436604300555
2026-08-28 11:54:28.365558,181.88872344441413,197.0,172.12085482476317,159.21875,5.0,5.0,2.055819940505202,4.9119768689638725,0.0,179.53289748838847,149.9214577442664,121.20894772117964,159.34640405672633,125.62098988331974,105.99679409172532,173.9373400428489,158.91881832450193,153.61149718188764,138.15748410212248,31.96726570014772,46.499864941443434,234.818144735512
2026-08-28 11:54:36.143814,192.3706064927439,207.0,179.6092323712259,159.03125,5.0,5.0,2.013297504415278,4.906728603603604,0.0,181.88872344441413,160.39039919574415,135.41437678610683,172.12085482476317,129.3672326641734,112.08416820851672,184.59740914184883,168.41152327560812,170.3588304175718,149.41166146257402,31.980207296999737,50.241999707052486,260.5953828876403
2026-08-28 11:54:46.243863,213.24015695956967,217.0,181.95741038311584,159.90625,5.0,5.0,2.095480332058452,4.930966945696501,0.0,192.3706064927439,179.53289748838847,146.36505528809167,179.6092323712259,159.34640405672633,130.40525497523552,195.8331622989092,179.55737355418782,177.89583252636828,158.0036873638874,33.7072594711812,22.611006326389514,273.5672196434352
2026-08-28 11:54:56.347451,224.30668841761823,227.0,194.6446368941056,160.40234375,5.0,5.0,2.093350925798447,4.934277692700356,0.0,213.24015695956967,181.88872344441413,149.9214577442664,181.95741038311584,172.12085482476317,125.62098988331974,209.97248395664394,191.9549119997464,185.40375988281576,169.5076285323517,42.41796497320411,22.523782069342417,250.3860094385924
2026-08-28 11:55:04.147479,225.8588923810556,237.0,214.0355634527732,160.82421875,5.0,5.0,2.7323814592929705,4.965223206821601,0.0,224.30668841761823,192.3706064927439,160.39039919574415,194.6446368941056,179.6092323712259,129.3672326641734,221.1352459194145,202.86632753063168,196.87920357666488,183.61901699711834,33.48828588831171,34.42633108154732,284.129936454652
2026-08-28 11:55:14.247256,245.8405870556865,247.0,245.6880597500597,161.19140625,5.0,5.0,2.6587402041582213,4.916558441558441,0.0,225.8588923810556,213.24015695956967,179.53289748838847,214.0355634527732,181.95741038311584,159.34640405672633,232.00205595145346,213.91760912518134,218.12275336564616,198.00929294600724,32.60043009611684,63.73064936694385,274.0507399805932
2026-08-28 11:55:24.355440,256.82614540405933,257.0,239.436604300555,162.01953125,5.0,5.0,2.6350747565645456,4.905751506557958,0.0,245.8405870556865,224.30668841761823,181.88872344441413,245.6880597500597,194.6446368941056,172.12085482476317,242.84187494693379,226.4071794517889,233.05340916779596,209.22858452530588,32.5194569864411,44.7919674064494,323.335540502083
2026-08-28 11:55:34.459437,254.8008385744235,267.0,234.818144735512,161.07421875,5.0,5.0,2.52861848222823,4.87391304347826,0.0,256.82614540405933,225.8588923810556,192.3706064927439,239.436604300555,214.0355634527732,179.6092323712259,252.48919034472314,236.8122181320688,239.9809362620422,218.43006991935354,28.941946193367897,20.78258128273879,317.2248555862029
2026-08-28 11:55:42.263919,278.69791207823096,277.0,260.5953828876403,161.66015625,5.0,5.0,2.465068854117704,4.834043751005307,0.0,254.8008385744235,245.8405870556865,213.24015695956967,234.818144735512,245.6880597500597,181.95741038311584,263.4416320189046,247.72184398517902,244.9500439745691,231.53639867010762,32.857325022544444,14.907323137580619,341.9892825673581
2026-08-28 11:55:52.356217,289.8423046427628,287.0,273.5672196434352,163.109375,5.0,5.0,2.219051670440912,4.857031857031857,0.0,278.69791207823096,256.82614540405933,224.30668841761823,260.5953828876403,239.436604300555,194.6446368941056,274.4470184318058,258.6444466893698,256.32691575552917,244.69016246166257,33.016159238703494,34.13061534288019,285.83077089537744
2026-08-28 11:56:02.451053,286.6007043434513,297.0,250.3860094385924,163.078125,5.0,5.0,2.249698003291978,4.888759223008583,0.0,289.8423046427628,254.8008385744235,225.8588923810556,273.5672196434352,234.818144735512,214.0355634527732,285.0469736881484,268.7680820164357,261.51620398988933,250.74857012596576,31.799865769027804,15.567864703080403,295.85557361209663
2026-08-28 11:56:10.496508,310.109947873319,307.0,284.129936454652,162.328125,5.0,5.0,2.2064552002961544,4.888091431063304,0.0,286.6007043434513,278.69791207823096,245.8405870556865,250.3860094385924,260.5953828876403,245.6880597500597,295.51765228651107,279.4796421527078,269.3610551788932,257.1555495767312,31.41203579508806,23.5345535670117,386.2357064449421
2026-08-28 11:56:20.600299,321.06796329149967,317.0,274.0507399805932,162.5390625,5.0,5.0,2.211561540486644,4.905611525996899,0.0,310.109947873319,289.8423046427628,256.82614540405933,284.129936454652,273.5672196434352,239.436604300555,305.9262051694233,290.18661180061457,269.5222286246125,262.9245721900708,31.22565864873684,0.48352033715804055,317.09749557316235
2026-08-28 11:56:30.699245,316.03862114987595,327.0,323.335540502083,162.39453125,5.0,5.0,2.3003017262464915,4.971067532108825,0.0,321.06796329149967,286.6007043434513,254.8008385744235,274.0507399805932,250.3860094385924,234.818144735512,315.7388441048982,300.3929088965233,293.83873897910945,277.67747148449934,29.437916806424653,72.94953106349061,402.4493616028205
2026-08-28 11:56:38.372120,326.4654974662691,337.0,317.2248555862029,162.625,5.0,5.0,1.8961407982112783,4.89927856107524,0.0,316.03862114987595,310.109947873319,278.69791207823096,323.335540502083,284.129936454652,260.5953828876403,321.19069396921486,308.35417312786296,304.8703786896264,287.1157169342598,16.35554959295007,33.09491913155091,439.21658905720216
2026-08-28 11:56:48.466402,354.9201748029075,348.0,341.9892825673581,163.8671875,5.0,5.0,1.945806911109781,4.914149494432356,0.0,326.4654974662691,321.06796329149967,289.8423046427628,317.2248555862029,274.0507399805932,273.5672196434352,332.4747644730175,319.2004848212204,327.5165595518813,298.51939408824694,33.85221151140786,67.93854258676487,405.33878900902334
2026-08-28 11:56:58.579951,349.75410869656594,357.0,285.83077089537744,163.0,5.0,5.0,2.0798090585266493,4.954838911871631,0.0,354.9201748029075,316.03862114987595,286.6007043434513,341.9892825673581,323.335540502083,250.3860094385924,343.7132603219142,329.7260522134062,315.0149696829795,304.42685433104447,33.715487546689985,-37.504769606705565,413.7576469017976
2026-08-28 11:57:06.382167,360.2547128176029,367.0,295.85557361209663,162.6796875,5.0,5.0,2.131723134932071,4.983139534883721,0.0,349.75410869656594,326.4654974662691,310.109947873319,285.83077089537744,317.2248555862029,284.129936454652,354.9763321056921,338.08351303745354,307.8918756916107,306.38112719061854,33.78921535133384,-21.369281974106286,465.2042164136129
2026-08-28 11:57:16.495397,389.29375910958,377.0,386.2357064449421,163.265625,5.0,5.0,1.962472076129223,4.97049589446859,0.0,360.2547128176029,354.9201748029075,321.06796329149967,295.85557361209663,341.9892825673581,274.0507399805932,366.4341935412496,349.4544790071336,322.6406836508054,325.0786216013434,34.373584306672456,44.24642387758399,411.7190841589816
2026-08-28 11:57:26.606071,400.3445153596432,387.0,317.09749557316235,163.26953125,5.0,5.0,2.104540882447168,6.134808853118718,0.0,389.29375910958,349.75410869656594,316.03862114987595,386.2357064449421,285.83077089537744,323.335540502083,383.29766242894203,363.50546137542807,333.062925210067,324.03894744652325,50.59040666307726,31.266724677784907,386.7551004162872
2026-08-28 11:57:34.367893,390.4356576795672,398.0,402.4493616028205,163.5390625,5.0,5.0,2.0772832730250994,6.207471804511277,0.0,400.3445153596432,360.2547128176029,326.4654974662691,317.09749557316235,295.85557361209663,317.2248555862029,393.35797738293013,374.1671547443111,368.59418787364166,338.2430317826262,30.180944861964292,106.59378799072385,381.5432571234861
2026-08-28 11:57:44.474343,420.8194661788367,395.0,439.21658905720216,162.9375,5.0,5.0,2.0638172095534184,6.448615771812081,0.0,390.4356576795672,389.29375910958,354.9201748029075,402.4493616028205,386.2357064449421,341.9892825673581,403.86654640601574,385.1503699736327,386.25448207772837,354.44758286426685,31.525707069256725,52.980882612260075,363.98459859140655
2026-08-28 11:57:54.574152,426.43979634568336,386.0,405.33878900902334,163.35546875,5.0,5.0,2.1453405110089023,6.866399999999995,0.0,420.8194661788367,400.3445153596432,349.75410869656594,439.21658905720216,317.09749557316235,285.83077089537744,412.56497340136247,397.93131791515225,415.6682465563487,374.36558588320787,26.095280986040166,88.241293435861,346.82010547103096
2026-08-28 11:58:02.579049,407.5433701831302,378.0,413.7576469017976,163.8515625,5.0,5.0,2.37730815730692,7.377974044700796,0.0,426.43979634568336,390.4356576795672,360.2547128176029,405.33878900902334,402.4493616028205,295.85557361209663,418.2675442358834,405.8127608094068,419.437674989341,394.0159314314913,17.107712503562993,11.308285298977125,366.96585310601705
2026-08-28 11:58:12.679292,423.3959448784341,370.0,465.2042164136129,163.4296875,5.0,5.0,2.3693193018918746,7.209191456903122,0.0,407.5433701831302,420.8194661788367,389.29375910958,413.7576469017976,439.21658905720216,386.2357064449421,419.12637046908253,411.4964584375491,428.100217441478,407.17734975960315,2.5764786995973736,25.98762735641077,335.88337106695974
2026-08-28 11:58:22.809997,416.5715790397612,361.0,411.7190841589816,163.45703125,5.0,5.0,2.4663625917185894,7.521011396011389,0.0,423.3959448784341,426.43979634568336,400.3445153596432,465.2042164136129,405.33878900902334,317.09749557316235,415.8369647004418,414.20096905090213,430.22698249146407,422.9476145239064,-9.868217305922144,6.380295149958272,338.1482251578718
2026-08-28 11:58:32.902247,387.4112734864301,353.0,386.7551004162872,155.125,5.0,5.0,2.471940538017988,7.541113569321528,0.0,416.5715790397612,407.5433701831302,390.4356576795672,411.7190841589816,413.7576469017976,402.4493616028205,409.1262658015418,413.69690501871264,421.22613366296054,420.3319043261508,-20.132096696700103,-27.002546485510436,329.2700514815784
2026-08-28 11:58:40.705208,378.6847599164927,344.0,381.5432571234861,156.328125,5.0,5.0,2.39405399415663,6.992107508532417,0.0,387.4112734864301,423.3959448784341,420.8194661788367,386.7551004162872,465.2042164136129,439.21658905720216,394.2225374808947,406.6744539749886,393.3391472329183,410.7196823371981,-44.7111849619414,-83.66095929012681,320.4830789463031
2026-08-28 11:58:50.799348,388.5466225252681,336.0,363.98459859140655,162.53125,5.0,5.0,2.486516467892648,7.31500802568217,0.0,378.6847599164927,416.5715790397612,426.43979634568336,381.5432571234861,411.7190841589816,405.33878900902334,384.88088530939694,400.35892500491946,377.4276520437266,403.82731726759533,-28.024956514493113,-47.734485567575064,262.33263382649585
2026-08-28 11:59:00.897024,363.0190102911279,328.0,346.82010547103096,161.50390625,5.0,5.0,2.4661439067547133,7.207245155855088,0.0,388.5466225252681,387.4112734864301,407.5433701831302,363.98459859140655,386.7551004162872,413.7576469017976,376.7501309109629,392.93819835625237,364.1159870619745,392.6710603624676,-24.392263195302178,-39.93499494525622,263.51379579169
2026-08-28 11:59:08.719983,353.867113812618,319.0,366.96585310601705,162.45703125,5.0,5.0,2.468704155303886,6.901021400778202,0.0,363.0190102911279,378.6847599164927,423.3959448784341,346.82010547103096,381.5432571234861,465.2042164136129,368.4775822096714,381.35005984528306,359.2568523894849,376.2979998112016,-24.817646103874665,-14.577404017469064,243.6396882783681
2026-08-28 11:59:18.851772,362.415811947,311.0,335.88337106695974,162.4453125,5.0,5.0,2.559122051621545,7.212223291626549,0.0,353.867113812618,388.5466225252681,416.5715790397612,366.96585310601705,363.98459859140655,411.7190841589816,359.76731201691535,372.3240986631561,349.8897765480026,363.6587142958646,-26.130810578268097,-28.101227524446813,253.53903231605344
2026-08-28 11:59:28.950669,353.281683320861,302.0,338.1482251578718,163.0546875,5.0,5.0,2.533195243085087,7.413730803974699,0.0,362.415811947,363.0190102911279,387.4112734864301,335.88337106695974,346.82010547103096,386.7551004162872,356.5215363601597,366.6358336355613,346.99914977694954,355.5575684194621,-9.737326970266906,-8.671880313159136,229.9906199569548
2026-08-28 11:59:36.679701,327.4731261655806,294.0,329.2700514815784,162.95703125,5.0,5.0,2.346110547479076,6.345390898483078,0.0,353.281683320861,353.867113812618,378.6847599164927,338.1482251578718,366.96585310601705,381.5432571234861,347.7235404778139,358.1005613437426,334.4338825688033,346.84536747914404,-26.39398764703742,-37.69580162443867,219.46084949353244
2026-08-28 11:59:46.795629,335.4055066904746,286.0,320.4830789463031,163.33984375,5.0,5.0,2.4382878084131816,6.494092039800984,0.0,327.4731261655806,362.415811947,388.5466225252681,329.2700514815784,335.88337106695974,363.98459859140655,338.7201053923054,349.24370870461036,329.30045186191774,339.59511420496017,-27.010305256525385,-15.400292120656616,202.31122998380928
2026-08-28 11:59:56.925874,326.477525736834,277.0,262.33263382649585,163.09375,5.0,5.0,2.394832404389327,6.643033292231809,0.0,335.4055066904746,353.281683320861,363.0190102911279,320.4830789463031,338.1482251578718,346.82010547103096,329.78538619762975,343.1534612788948,304.02858808479243,325.51386893087096,-26.804157584026996,-75.81559133137597,218.49512827282035
2026-08-28 12:00:04.863092,302.35731228615214,269.0,263.51379579169,162.98046875,5.0,5.0,2.374309145445883,5.811746987951799,0.0,326.477525736834,327.4731261655806,353.867113812618,262.33263382649585,329.2700514815784,366.96585310601705,321.41344823782026,334.5684943578171,282.109836188163,308.27185937848316,-25.115813879428458,-65.7562556898884,189.88219395327988
2026-08-28 12:00:15.021252,307.5704922359565,261.0,243.6396882783681,163.08984375,5.0,5.0,2.4770554938847305,6.251555209953331,0.0,302.35731228615214,335.4055066904746,362.415811947,263.51379579169,320.4830789463031,335.88337106695974,312.1351100863142,325.42760773930985,256.4953726321846,292.89791224705124,-27.835014454518102,-76.84339066793501,220.2966942782812
2026-08-28 12:00:25.163784,289.307155606036,245.0,253.53903231605344,163.734375,5.0,5.0,2.367663236056726,5.0586419753086265,0.0,307.5704922359565,326.477525736834,353.281683320861,243.6396882783681,262.33263382649585,338.1482251578718,299.7449867093815,314.76518645350563,253.56417212870383,278.79638010674813,-37.170370130798005,-8.793601510442414,176.80499215213635
2026-08-28 12:00:32.922090,280.18104116703034,236.0,229.9906199569548,162.13671875,5.0,5.0,2.291498000707833,4.989217873318462,0.0,289.307155606036,302.35731228615214,327.4731261655806,253.53903231605344,263.51379579169,329.2700514815784,292.35289633634096,306.88317228708064,242.3897801837921,262.24980818597754,-22.176271119121793,-33.523175834735184,203.9739352921691
2026-08-28 12:00:43.012675,271.6387766878246,228.0,219.46084949353244,162.18359375,5.0,5.0,2.337148342803965,4.979055041402826,0.0,280.18104116703034,307.5704922359565,335.4055066904746,229.9906199569548,243.6396882783681,320.4830789463031,280.37565782029696,296.2553839533056,234.33016725551354,245.41276994384907,-35.93171554813193,-24.178838784835676,180.97547885939963
2026-08-28 12:00:53.132334,262.7080440701805,219.0,202.31122998380928,162.9921875,5.0,5.0,2.3033803563044954,5.282114624505917,0.0,271.6387766878246,289.307155606036,326.477525736834,219.46084949353244,253.53903231605344,262.33263382649585,271.5092873083451,285.6271370088634,217.25423314476552,235.40920263673468,-26.599111535855513,-51.22780233224415,154.52446276654504
2026-08-28 12:01:03.264603,243.93968314563847,211.0,218.49512827282035,162.7734375,5.0,5.0,2.2616471966142453,4.979530201342282,0.0,262.7080440701805,280.18104116703034,302.35731228615214,202.31122998380928,229.9906199569548,263.51379579169,259.42883463454785,275.8908654854444,213.42240258338737,227.9060913835897,-36.241358021391875,-11.495491684134436,143.8765405769125
2026-08-28 12:01:11.012380,245.5127741188392,203.0,189.88219395327988,162.75390625,5.0,5.0,2.2739492380430546,4.987444865743249,0.0,243.93968314563847,271.6387766878246,307.5704922359565,218.49512827282035,219.46084949353244,243.6396882783681,250.72016711155274,265.54791246592487,203.5628507366365,218.94650899607504,-26.1260025689854,-29.578655540252555,176.5563821208064
2026-08-28 12:01:21.136011,236.40311199565767,194.0,220.2966942782812,161.73046875,5.0,5.0,2.326375191336559,5.203260869565195,0.0,245.5127741188392,262.7080440701805,289.307155606036,189.88219395327988,202.31122998380928,253.53903231605344,241.95185642004512,256.73057186419516,209.55800550146046,213.406119323113,-26.30493207452284,17.98546429447191,140.9739353345469
2026-08-28 12:01:31.347736,218.1856034976318,186.0,176.80499215213635,161.734375,5.0,5.0,2.348279531647818,4.9775852012332304,0.0,236.40311199565767,243.93968314563847,280.18104116703034,220.2966942782812,218.49512827282035,229.9906199569548,233.3671632040429,246.39799891929536,195.66129346123248,204.5418480223099,-25.754079648006666,-41.690136120684,136.9798365174143
2026-08-28 12:01:39.203146,217.8600451467269,178.0,203.9739352921691,162.08203125,5.0,5.0,2.252314880719573,4.937020763332471,0.0,218.1856034976318,245.5127741188392,271.6387766878246,176.80499215213635,189.88219395327988,219.46084949353244,224.14958688000547,237.43487699577906,200.35854057419556,201.960695655416,-27.6527289721123,14.091741338889221,125.39315596114578
2026-08-28 12:01:49.292440,208.59216989309448,169.0,180.97547885939963,160.84765625,5.0,5.0,2.1925670109928515,4.875766326077299,0.0,217.8600451467269,236.40311199565767,262.7080440701805,203.9739352921691,220.2966942782812,202.31122998380928,214.87927284581772,228.4155646329314,187.25146876790168,198.40473713468108,-27.81094210256319,-39.321215418881565,141.8910040398448
2026-08-28 12:01:59.402875,199.78329571106096,161.0,154.52446276654504,161.75390625,5.0,5.0,2.16399193057916,4.870632125312818,0.0,208.59216989309448,218.1856034976318,243.93968314563847,180.97547885939963,176.80499215213635,218.49512827282035,208.7451702502941,221.0561667271685,179.82462563937125,187.74295955030186,-18.402307786570844,-22.280529385591308,155.5940155937172
2026-08-28 12:02:07.240135,190.15087333489555,152.0,143.8765405769125,161.31640625,5.0,5.0,2.160610623483389,4.872836865642621,0.0,199.78329571106096,217.8600451467269,245.5127741188392,154.52446276654504,203.9739352921691,189.88219395327988,199.50877964635035,211.8291832631779,159.79216073428572,180.07535065424065,-27.70917181183134,-60.0973947152566,155.63339202182695
2026-08-28 12:02:17.321843,181.9738621000451,157.0,176.5563821208064,159.2890625,5.0,5.0,2.169363878454232,4.877059601301871,0.0,190.15087333489555,208.59216989309448,236.40311199565767,143.8765405769125,180.97547885939963,220.2966942782812,190.63601038200053,202.75764161390916,158.319128488088,172.78529862799485,-26.618307793049382,-4.419096738593225,171.82674465102173
2026-08-28 12:02:27.415973,177.31992212848797,167.0,140.9739353345469,159.56640625,5.0,5.0,2.122528111212413,4.882013373733153,0.0,181.9738621000451,199.78329571106096,218.1856034976318,176.5563821208064,154.52446276654504,176.80499215213635,183.14821918780953,195.94669471905183,153.80228601075527,166.81345582506324,-22.463373582572984,-13.550527431998148,194.14224240835776
2026-08-28 12:02:35.135804,176.56834233485668,177.0,136.9798365174143,160.71875,5.0,5.0,2.122148172173428,4.898327882688047,0.0,177.31992212848797,190.15087333489555,217.8600451467269,140.9739353345469,143.8765405769125,203.9739352921691,178.62070885446326,189.0647442504068,151.50338465758918,155.64777269593745,-13.58253100003887,-6.896704059498205,206.77235847561
2026-08-28 12:02:45.248160,178.75399649572805,187.0,125.39315596114578,161.26953125,5.0,5.0,2.177359912370642,4.924709210939955,0.0,176.56834233485668,181.9738621000451,208.59216989309448,136.9798365174143,176.5563821208064,180.97547885939963,177.5474203196909,184.0917153508457,134.44897593770233,146.38405221289517,-3.21986560431705,-51.163226159660624,218.8534886470701
2026-08-28 12:02:55.340686,184.1154582565659,197.0,141.8910040398448,161.2734375,5.0,5.0,2.167933990581329,4.916903625469686,0.0,178.75399649572805,177.31992212848797,199.78329571106096,125.39315596114578,140.9739353345469,154.52446276654504,179.81259902905018,181.48040910842988,134.75466550613496,144.27847575844513,6.795536128077913,0.9170687052979076,216.94538073521747
2026-08-28 12:03:03.135002,181.64636707265856,197.0,155.5940155937172,161.3125,5.0,5.0,2.1667055413432825,4.895500595947556,0.0,184.1154582565659,176.56834233485668,190.15087333489555,141.8910040398448,136.9798365174143,143.8765405769125,181.50527394165087,180.06299139805705,140.95939186490259,146.2313882612459,5.078024737801883,18.61417907630289,216.1831802373109
2026-08-28 12:03:13.240922,203.6993508959083,217.0,155.63339202182695,162.09375,5.0,5.0,2.095760850195,4.895097859886592,0.0,181.64636707265856,178.75399649572805,181.9738621000451,155.5940155937172,125.39315596114578,176.5563821208064,189.82039207504423,183.68390619736758,151.0394705517963,142.74422324474932,24.945354400180264,30.24023606068117,237.46053348770488
2026-08-28 12:03:23.346810,214.6382917171425,227.0,171.82674465102173,162.765625,5.0,5.0,2.062427362985254,4.890057237013268,0.0,203.6993508959083,184.1154582565659,177.31992212848797,155.63339202182695,141.8910040398448,140.9739353345469,199.99466989523646,189.90363446214334,161.01805075552195,147.88635813082848,30.522833460576607,29.935740611176925,244.4046146898374
2026-08-28 12:03:33.454944,216.1801414505616,238.0,194.14224240835776,162.40625,5.0,5.0,1.9968670093985947,4.906796116504855,0.0,214.6382917171425,181.64636707265856,176.56834233485668,171.82674465102173,155.5940155937172,136.9798365174143,211.50592802120414,196.5056009814275,173.86745969373547,157.41342577931903,34.53377437790303,38.54822681464057,257.71793412125044
2026-08-28 12:03:41.285190,235.893827026832,247.0,206.77235847561,162.91015625,5.0,5.0,1.9468648753920488,4.886045322212605,0.0,216.1801414505616,203.6993508959083,178.75399649572805,194.14224240835776,155.63339202182695,125.39315596114578,222.2374200648454,206.0289060699448,190.9137818449965,170.9766261983964,32.194476130923704,51.13896645378304,289.5461478624046
2026-08-28 12:03:51.373499,246.71598700830023,258.0,218.8534886470701,163.82421875,5.0,5.0,1.9280777733489145,4.880278779681395,0.0,235.893827026832,214.6382917171425,184.1154582565659,206.77235847561,171.82674465102173,141.8910040398448,232.92998516189797,216.46232752856722,206.58936317701261,183.8037069662673,32.07769529115774,47.02674399604837,265.66553049708705
2026-08-28 12:04:01.476585,257.5377564461125,267.0,216.94538073521747,163.13671875,5.0,5.0,1.9346484556854409,4.883436577108695,0.0,246.71598700830023,216.1801414505616,181.64636707265856,218.8534886470701,194.14224240835776,155.5940155937172,246.71585682708155,229.11089242414286,214.19040928596587,194.02893448985068,41.357614995550904,22.80313832685971,295.14295590238385
2026-08-28 12:04:09.230100,269.0641247833622,277.0,216.1831802373109,163.12109375,5.0,5.0,1.977952578579772,4.891134604754008,0.0,257.5377564461125,235.893827026832,203.6993508959083,216.94538073521747,206.77235847561,155.63339202182695,257.772622745925,240.00502140538518,217.3273498731995,204.12056585909798,33.1702977565302,9.410821761700902,326.8958590640758
2026-08-28 12:04:19.331030,279.6252166377816,287.0,237.46053348770488,163.03125,5.0,5.0,1.9813620440309905,4.899623734683004,0.0,269.0641247833622,246.71598700830023,214.6382917171425,216.1831802373109,218.8534886470701,171.82674465102173,268.7423659557521,250.83617555882506,223.5296981534111,215.05953066521184,32.90922962948136,18.607044840634785,309.5926892087604
2026-08-28 12:04:29.432419,290.4623494791573,297.0,244.4046146898374,163.56640625,5.0,5.0,2.052002451358103,4.901427196921103,0.0,279.6252166377816,257.5377564461125,216.1801414505616,237.46053348770488,216.94538073521747,194.14224240835776,279.7172303001003,263.21654356359096,232.68277613828437,223.43659271212513,32.9245930330448,27.45923395461992,325.2713006434162
2026-08-28 12:04:37.230495,301.4631502890174,308.0,257.71793412125044,163.34375,5.0,5.0,2.0944732779509123,4.923762499223651,0.0,290.4623494791573,269.0641247833622,235.893827026832,244.4046146898374,216.1831802373109,206.77235847561,290.51690546865206,274.14476410728855,246.52769409959754,231.92752198639855,32.399025505655175,41.534753883939544,349.30976284996274
2026-08-28 12:04:47.325814,312.30694196065684,318.0,289.5461478624046,163.42578125,5.0,5.0,2.101832166975262,4.951317296678121,0.0,301.4631502890174,279.6252166377816,246.71598700830023,257.71793412125044,237.46053348770488,218.8534886470701,301.41081390961045,285.0765899326813,263.8895655578308,243.70963185562096,32.68172532287525,52.08561437469973,363.5264292491984
2026-08-28 12:04:57.431198,323.18141584927474,328.0,265.66553049708705,163.49609375,5.0,5.0,2.0797311978091755,4.95407776611869,0.0,312.30694196065684,290.4623494791573,257.5377564461125,289.5461478624046,244.4046146898374,216.94538073521747,312.3171693663163,296.0171998332084,270.9765374935807,251.82965681593257,32.719066370117446,21.26091580724966,347.23031404246774
2026-08-28 12:05:05.250822,320.51993067590985,337.0,295.14295590238385,163.3046875,5.0,5.0,2.0451611187415475,4.9521675404476015,0.0,323.18141584927474,301.4631502890174,269.0641247833622,265.66553049708705,257.71793412125044,216.1831802373109,318.66942949528044,304.5931674819663,283.4515447539585,264.989619426778,19.056780386892456,37.42502178113341,374.79742222061896
2026-08-28 12:05:15.344868,344.79087726895455,347.0,326.8958590640758,163.4765625,5.0,5.0,2.056812552410137,4.965141403643126,0.0,320.51993067590985,312.30694196065684,279.6252166377816,295.14295590238385,289.5461478624046,237.46053348770488,329.4974079313797,315.4541109204951,295.9014484878489,279.89550702283987,32.4839353082977,37.3497112016712,400.7942535028983
2026-08-28 12:05:25.452428,355.6233196802656,357.0,309.5926892087604,163.55078125,5.0,5.0,2.0239541814907467,4.975697581716715,0.0,344.79087726895455,323.18141584927474,290.4623494791573,326.8958590640758,265.66553049708705,244.4046146898374,340.31137587504327,326.3142726206798,310.54383472507334,290.760186109327,32.44190383099084,43.92715871167337,411.2059200574725
2026-08-28 12:05:33.206842,351.5358361774744,367.0,325.2713006434162,163.6171875,5.0,5.0,1.995953330211875,4.96893689420499,0.0,355.6233196802656,320.51993067590985,301.4631502890174,309.5926892087604,295.14295590238385,257.71793412125044,350.6500110422315,334.65972026875596,320.58661630541746,302.019080529688,31.015905501564532,30.12834474103238,360.831465538324
2026-08-28 12:05:43.320540,377.2232354056446,377.0,349.30976284996274,163.9609375,5.0,5.0,1.9783842534705376,4.948015358531963,0.0,351.5358361774744,344.79087726895455,312.30694196065684,325.2713006434162,326.8958590640758,289.5461478624046,361.46079708779484,345.4791025095872,328.0579175673798,311.9796830276143,32.43235813669003,22.41390378588693,428.7159135733182
2026-08-28 12:05:53.416559,388.0211624925517,387.0,363.5264292491984,163.52734375,5.0,5.0,2.0415460447670664,4.984507764430121,0.0,377.2232354056446,355.6233196802656,323.18141584927474,349.30976284996274,309.5926892087604,265.66553049708705,372.26007802522355,356.28572695013344,346.03583091419245,328.2898328196329,32.397842812286115,53.933740040437954,443.2010248363449
2026-08-28 12:06:03.516125,398.8913165164949,397.0,347.23031404246774,164.22265625,5.0,5.0,2.070621095378225,5.124722222222204,0.0,388.0211624925517,351.5358361774744,320.51993067590985,363.5264292491984,325.2713006434162,295.14295590238385,388.0452381382304,369.34762459023096,353.35550204720965,336.97105917631353,47.35548033902052,21.959013399051514,462.1474895236525
2026-08-28 12:06:11.372727,409.5717793183131,407.0,374.79742222061896,163.9296875,5.0,5.0,2.075511545510493,5.014921171171158,0.0,398.8913165164949,377.2232354056446,344.79087726895455,347.23031404246774,349.30976284996274,326.8958590640758,398.82808610911985,380.1444415984574,361.85138850409504,344.9546530357374,32.348543912668504,25.487659370656218,488.82873918928414
2026-08-28 12:06:21.466560,420.233603523911,417.0,400.7942535028983,164.0078125,5.0,5.0,2.111337418936336,5.569035532994924,0.0,409.5717793183131,388.0211624925517,355.6233196802656,374.79742222061896,363.5264292491984,309.5926892087604,409.5655664529063,390.91282223906495,374.2739965886617,360.1549137514271,32.212441031359276,37.26782425369993,467.0273597184186
2026-08-28 12:06:31.580785,431.3438763720393,427.0,411.2059200574725,164.1171875,5.0,5.0,2.20882696794034,5.923565380997177,0.0,420.233603523911,398.8913165164949,351.5358361774744,400.7942535028983,347.23031404246774,325.2713006434162,420.38308640475447,404.2141622714924,395.59919859366323,374.47735032043647,32.45255985554439,63.97560601500476,501.6775605836784
2026-08-28 12:06:41.688456,432.8123690605883,437.0,360.831465538324,164.078125,5.0,5.0,2.205575113074077,5.82825854700853,0.0,431.3438763720393,409.5717793183131,377.2232354056446,411.2059200574725,374.79742222061896,349.30976284996274,428.1299496521795,413.47901788064974,390.9438796995649,376.39763410182996,23.240589742275233,-13.965956682294973,547.7712372952755
2026-08-28 12:06:48.810740,434.63650378479497,447.0,428.7159135733182,164.34375,5.0,5.0,2.28759875805024,6.279966471081313,0.0,432.8123690605883,420.233603523911,388.0211624925517,360.831465538324,400.7942535028983,363.5264292491984,432.9309164058075,421.24824142935694,400.2510997230382,387.26254815584997,14.402900260883996,27.921660070419875,584.3162588961858
2026-08-28 12:06:58.939576,467.5628287551139,442.0,443.2010248363449,165.3515625,5.0,5.0,2.311489707148171,6.331500392772968,0.0,434.63650378479497,431.3438763720393,398.8913165164949,428.7159135733182,411.2059200574725,347.23031404246774,445.00390053349906,432.6934934691267,410.916134649329,403.2576666214961,36.21895238307462,31.995104778872417,580.3024010503466
2026-08-28 12:07:09.051610,462.9405134094727,429.0,462.1474895236525,164.6171875,5.0,5.0,2.327505969357229,5.977608267716526,0.0,467.5628287551139,432.8123690605883,409.5717793183131,443.2010248363449,360.831465538324,374.79742222061896,455.04661531646053,441.58828248432,444.6881426444385,417.8160111720017,30.128144348884405,101.31602398532851,554.9628866338692
2026-08-28 12:07:19.150706,462.3024734681724,416.0,488.82873918928414,165.359375,5.0,5.0,2.351633519252942,5.81615384615385,0.0,462.9405134094727,434.63650378479497,420.233603523911,462.1474895236525,428.7159135733182,400.7942535028983,464.2686052109197,448.59976080836356,464.7257511830939,432.488425453066,27.665969683377455,60.11282561596596,511.4906954312768
2026-08-28 12:07:26.667513,474.38040822325513,403.0,467.0273597184186,165.359375,5.0,5.0,2.347427291778136,5.903151260504208,0.0,462.3024734681724,467.5628287551139,431.3438763720393,488.82873918928414,443.2010248363449,411.2059200574725,466.5411317003001,455.77251611689957,472.6678628104517,441.79199872989034,6.8175794681412185,23.826334882073695,419.4364809346168
2026-08-28 12:07:36.811290,467.0316547555621,391.0,501.6775605836784,164.3515625,5.0,5.0,2.41432620494866,6.318965517241373,0.0,474.38040822325513,462.9405134094727,432.8123690605883,467.0273597184186,462.1474895236525,360.831465538324,467.90484548232985,461.47573039939516,485.8445531637937,465.2663479041162,4.091141346089387,39.53007106002593,285.1037956084756
2026-08-28 12:07:47.241353,454.34003857812064,379.0,547.7712372952755,164.16796875,5.0,5.0,5.497727995071486,14.421182266009827,0.0,467.0316547555621,462.3024734681724,434.63650378479497,501.6775605836784,488.82873918928414,428.7159135733182,465.2507005189793,464.75965286494943,505.49205253245754,485.10890185777566,-7.962434890051782,58.94249810599132,296.06995604219486
2026-08-28 12:07:55.113975,436.17115717519647,366.0,584.3162588961858,164.32421875,5.0,5.0,5.952453561695147,18.006999999999984,0.0,454.34003857812064,474.38040822325513,467.5628287551139,547.7712372952755,467.0273597184186,443.2010248363449,452.5142835029597,459.52770760162986,544.5883522583799,508.62810753441585,-38.20925104805866,117.28889917776718,288.5499409725982
2026-08-28 12:08:05.214161,421.9134912004261,353.0,580.3024010503466,164.9921875,5.0,5.0,5.968763600504746,18.046398891966767,0.0,436.17115717519647,467.0316547555621,462.9405134094727,584.3162588961858,501.6775605836784,462.1474895236525,437.4748956512478,452.68987056678884,570.796632413936,528.3205927888648,-45.11816355513599,78.62484046666816,279.88180560970915
2026-08-28 12:08:15.310127,385.5517776938253,341.0,554.9628866338692,165.40234375,5.0,5.0,6.012758803701398,18.28663793103447,0.0,421.9134912004261,454.34003857812064,462.3024734681724,580.3024010503466,547.7712372952755,488.82873918928414,414.54547535648265,439.89808793773096,573.1938488601339,539.3429506962957,-68.78826088429537,7.19164933859372,278.99983348725243
2026-08-28 12:08:23.175061,390.9777748408556,329.0,511.4906954312768,164.99609375,5.0,5.0,6.038946248844804,18.51753048780484,0.0,385.5517776938253,436.17115717519647,474.38040822325513,554.9628866338692,584.3162588961858,467.0273597184186,399.481014578369,425.9976490406644,548.9186610384975,546.7535066484387,-45.19338233434087,-72.82556346490901,282.94128162884334
2026-08-28 12:08:33.270724,378.8576337643457,316.0,419.4364809346168,165.25,5.0,5.0,2.379282937507039,4.993552527042718,0.0,390.9777748408556,421.9134912004261,467.0316547555621,511.4906954312768,580.3024010503466,501.6775605836784,385.12906209967554,411.30197887546166,495.29668766658756,533.0466600402617,-43.05585743608043,-160.8659201157298,244.6330864368374
2026-08-28 12:08:43.368158,347.07767051284736,303.0,285.1037956084756,164.9453125,5.0,5.0,1.940347152096704,4.891051127539293,0.0,378.8576337643457,385.5517776938253,454.34003857812064,419.4364809346168,554.9628866338692,547.7712372952755,372.3043597060162,393.4249175312494,405.3436573247897,489.2687530924618,-38.47410718097791,-269.8590910253936,249.06008293086265
2026-08-28 12:08:51.225379,334.14307254146416,291.0,296.06995604219486,164.2265625,5.0,5.0,1.9992553025135649,4.914823582825269,0.0,347.07767051284736,390.9777748408556,436.17115717519647,285.1037956084756,511.4906954312768,584.3162588961858,353.35945893955244,376.4202367589607,333.53674419509576,441.22770261679665,-56.83470229939144,-215.42073938908192,242.71968884079192
2026-08-28 12:09:01.324222,337.0986528360767,278.0,288.5499409725982,164.1953125,5.0,5.0,2.055670538561707,4.935328185328186,0.0,334.14307254146416,378.8576337643457,421.9134912004261,296.06995604219486,419.4364809346168,580.3024010503466,339.43979863012936,362.28443036490245,289.9078975410896,392.6022926038386,-41.758980928268954,-130.88653996201856,228.1446894513454
2026-08-28 12:09:11.425317,308.3076794203263,266.0,279.88180560970915,163.8984375,5.0,5.0,2.0946438649640413,4.946558675815236,0.0,337.0986528360767,347.07767051284736,385.5517776938253,288.5499409725982,285.1037956084756,554.9628866338692,326.5164682659557,349.41041398598594,288.16723420816743,346.75544576647854,-38.76999109252108,-5.221989998766446,189.67392979444287
2026-08-28 12:09:19.271554,295.5873421432909,253.0,278.99983348725243,163.76953125,5.0,5.0,2.1260784490823474,4.963878397393172,0.0,308.3076794203263,334.14307254146416,390.9777748408556,279.88180560970915,296.06995604219486,511.4906954312768,313.6645581332313,333.5120085363919,282.47719335651993,308.0069687758078,-38.55573039817324,-17.07012255494243,176.23865128597748
2026-08-28 12:09:29.367428,296.7912087912088,241.0,282.94128162884334,165.26171875,5.0,5.0,2.108634688662261,4.949780058651026,0.0,295.5873421432909,337.0986528360767,378.8576337643457,278.99983348725243,288.5499409725982,419.4364809346168,300.22874345160864,319.83427104086906,280.60764024193503,285.2577688915123,-40.30744404486791,-5.60865934375488,179.03147452115005
2026-08-28 12:09:39.463290,283.4285714285714,229.0,244.6330864368374,164.34765625,5.0,5.0,2.0857084424631003,4.96844837375294,0.0,296.7912087912088,308.3076794203263,347.07767051284736,282.94128162884334,279.88180560970915,285.1037956084756,291.93570745435704,309.2260878601564,268.85806718431104,278.51265069623923,-24.879107991754893,-35.248719172871745,168.1419272849283
2026-08-28 12:09:47.293022,257.04173734581474,215.0,249.06008293086265,163.76171875,5.0,5.0,2.067660529321504,4.938230313293818,0.0,283.4285714285714,295.5873421432909,334.14307254146416,244.6330864368374,278.99983348725243,296.06995604219486,279.08717252186494,296.3758653275482,258.8781503321811,270.6776718443505,-38.54560479747619,-29.939750556389782,161.6729430630894
2026-08-28 12:09:57.388178,256.008267552057,204.0,242.71968884079192,163.6015625,5.0,5.0,2.1173631537410773,4.948926174496645,0.0,257.04173734581474,296.7912087912088,337.0986528360767,249.06008293086265,282.94128162884334,288.5499409725982,265.492858775481,282.8608011135449,245.470952736164,263.0392964890495,-40.782941239151796,-40.221592788051424,165.29902444120412
2026-08-28 12:10:07.485448,242.15039577836413,191.0,228.1446894513454,163.62109375,5.0,5.0,2.09155311332164,4.929025723169698,0.0,256.008267552057,283.4285714285714,308.3076794203263,242.71968884079192,244.6330864368374,279.88180560970915,251.7334668920786,271.8345871732178,239.97482040766667,254.41644379598884,-41.27817565020726,-16.48839698549199,132.52757372781448
2026-08-28 12:10:17.626420,217.3475801382778,178.0,189.67392979444287,161.93359375,5.0,5.0,2.170792493349196,4.961887020441043,0.0,242.15039577836413,257.04173734581474,295.5873421432909,228.1446894513454,249.06008293086265,278.99983348725243,238.50208115623298,258.794626839049,220.17943602886007,239.52879318052058,-39.69415720753693,-59.38615313641978,125.32555942218164
2026-08-28 12:10:25.853438,212.8268420017912,166.0,176.23865128597748,161.9296875,5.0,5.0,2.091283835062081,4.890547395117827,0.0,217.3475801382778,256.008267552057,296.7912087912088,189.67392979444287,242.71968884079192,282.94128162884334,224.1082726394777,244.80056570747942,198.01909017725526,221.74502145670962,-43.18142555026583,-66.48103755481443,111.96306413688104
2026-08-28 12:10:35.945060,199.0038883306392,153.0,179.03147452115005,160.41015625,5.0,5.0,2.100785907754096,4.882435940851112,0.0,212.8268420017912,242.15039577836413,283.4285714285714,176.23865128597748,228.1446894513454,244.6330864368374,209.72610349023606,230.72978519115733,181.6480185338568,210.81141947076173,-43.14650744772493,-49.11321493019537,85.88921138774616
2026-08-28 12:10:46.105423,176.8611209390414,141.0,168.1419272849283,160.37890625,5.0,5.0,2.072936442928995,4.872706422018347,0.0,199.0038883306392,217.3475801382778,257.04173734581474,179.03147452115005,189.67392979444287,249.06008293086265,196.23061709049057,217.3663491233618,174.47068436401864,197.32506019643935,-40.48645919923641,-21.53200250951457,90.16158838269504
2026-08-28 12:10:54.238524,163.77372627372628,129.0,161.6729430630894,160.609375,5.0,5.0,2.1041800040677843,4.887897214593958,0.0,176.8611209390414,212.8268420017912,256.008267552057,168.1419272849283,176.23865128597748,242.71968884079192,179.87957851446893,201.9939255769733,169.6154482897226,183.81726923348893,-49.05311572806491,-14.565708222888077,81.95958913577847
2026-08-28 12:11:04.341142,157.39534479763765,116.0,165.29902444120412,160.75390625,5.0,5.0,2.061233533315649,4.866131995477671,0.0,163.77372627372628,199.0038883306392,242.15039577836413,161.6729430630894,179.03147452115005,228.1446894513454,166.01006400346844,187.86808374685225,165.0379649297406,173.34299173179872,-41.60854353300155,-13.73245007994592,63.0048253520413
2026-08-28 12:11:14.441760,138.12569000354114,104.0,132.52757372781448,160.37890625,5.0,5.0,2.074500650430177,4.8666949938195305,0.0,157.39534479763765,176.8611209390414,217.3475801382778,165.29902444120412,168.1419272849283,189.67392979444287,153.098253691635,174.66443539106282,153.166513744036,163.81859905402732,-38.73543093550026,-35.614353557113816,67.94336890251883
2026-08-28 12:11:22.052091,125.23173703834856,91.0,125.32555942218164,158.59375,5.0,5.0,2.077615492681284,4.881538461538462,0.0,138.12569000354114,163.77372627372628,212.8268420017912,132.52757372781448,161.6729430630894,176.23865128597748,140.25092394650912,160.06525123048905,141.05071919706674,155.33308374339467,-38.54198923537773,-36.347383640907765,67.48499013388779
2026-08-28 12:11:32.146055,118.23493234932349,79.0,111.96306413688104,156.765625,5.0,5.0,2.0865576501952416,4.902080138036809,0.0,125.23173703834856,157.39534479763765,199.0038883306392,125.32555942218164,165.29902444120412,179.03147452115005,127.19745313040437,146.60375856693642,123.27206576229237,144.1550153460165,-39.16041244831416,-53.33596030432308,61.64861891992942
2026-08-28 12:11:42.613461,105.55909420369436,74.0,85.88921138774616,156.94921875,5.0,5.0,2.139140870994706,4.885191525786433,0.0,118.23493234932349,138.12569000354114,176.8611209390414,111.96306413688104,132.52757372781448,168.1419272849283,116.34192119712212,134.72008744437858,107.72594498226961,130.4462293631528,-32.56659579984678,-46.638362340068326,51.94962869639863
2026-08-28 12:11:50.224218,91.34908777172198,72.0,90.16158838269504,157.2265625,5.0,5.0,2.134960940335975,4.879259346900142,0.0,105.55909420369436,125.23173703834856,163.77372627372628,85.88921138774616,125.32555942218164,161.6729430630894,105.04770477491326,122.64931436071119,96.00462130244075,118.52767024975374,-33.88264926662657,-35.1639710394866,57.34344938103601
2026-08-28 12:12:00.314430,88.09555525953554,71.0,81.95958913577847,156.625,5.0,5.0,2.1436739410280774,4.870284237726098,0.0,91.34908777172198,118.23493234932349,157.39534479763765,90.16158838269504,111.96306413688104,165.29902444120412,95.00124574498393,111.09934943769417,86.0034629687399,104.63776436551615,-30.139377089787942,-30.003475001102572,45.54703944822424
2026-08-28 12:12:10.404177,82.36756804760003,69.0,63.0048253520413,156.84765625,5.0,5.0,2.133644405120954,4.849339570720968,0.0,88.09555525953554,105.55909420369436,138.12569000354114,81.95958913577847,85.88921138774616,132.52757372781448,87.27073702628583,101.80632911170399,78.37533429017161,93.05063963622062,-23.191526156094326,-22.884386035704857,55.05827982091229
2026-08-28 12:12:18.461203,74.81060606060606,67.0,67.94336890251883,158.06640625,5.0,5.0,2.1669045901538366,4.864952463267069,0.0,82.36756804760003,91.34908777172198,125.23173703834856,63.0048253520413,90.16158838269504,125.32555942218164,81.7579097892472,93.40280728208025,70.96926113011287,83.4869412162768,-16.53848171111592,-22.218219480176217,45.38037534410216
2026-08-28 12:12:28.550654,76.11969833556869,65.0,67.48499013388779,156.7265625,5.0,5.0,2.1252459090102573,4.853748524203069,0.0,74.81060606060606,88.09555525953554,118.23493234932349,67.94336890251883,81.95958913577847,111.96306413688104,77.76595748125824,86.38360161312112,66.1443947961493,76.0739288824446,-11.975856923966859,-14.474599001890681,49.804017383663954
2026-08-28 12:12:38.650997,74.14085002528527,63.0,61.64861891992942,157.390625,5.0,5.0,2.120649161327394,4.861001517450683,0.0,76.11969833556869,82.36756804760003,105.55909420369436,67.48499013388779,63.0048253520413,85.88921138774616,75.02371814048665,81.14722758338627,65.69232598544535,72.03383013780848,-8.226718022314756,-1.3562064321118825,37.69832004619263
2026-08-28 12:12:48.754887,68.39032527105921,61.0,51.94962869639863,157.65625,5.0,5.0,2.176371914632661,4.86875,0.0,74.14085002528527,74.81060606060606,91.34908777172198,61.64861891992942,67.94336890251883,90.16158838269504,72.88362454397104,77.32076716660913,60.361079250071946,65.66517019009241,-6.420280789546851,-15.9937402061202,49.51424472880026
2026-08-28 12:12:56.629298,69.64086646702661,59.0,57.34344938103601,156.8359375,5.0,5.0,2.202821159132418,4.867642328723062,0.0,68.39032527105921,76.11969833556869,88.09555525953554,51.94962869639863,67.48499013388779,81.95958913577847,70.72401392112369,74.24498570119097,56.98056566578802,61.56248023096867,-6.478831868542073,-10.141540752851782,46.445992284539095
2026-08-28 12:13:06.731051,67.69546875341538,58.0,45.54703944822424,156.45703125,5.0,5.0,2.254169052307972,4.845438076416336,0.0,69.64086646702661,74.14085002528527,82.36756804760003,57.34344938103601,61.64861891992942,63.0048253520413,68.57555349716705,71.79963581882687,51.61337250855296,58.65284924699915,-6.445381271869891,-16.10157947170518,37.60086886691135
2026-08-28 12:13:16.824985,63.02705643558141,56.0,55.05827982091229,157.015625,5.0,5.0,2.248952749170509,4.856343283582089,0.0,67.69546875341538,68.39032527105921,74.81060606060606,45.54703944822424,51.94962869639863,67.94336890251883,66.78779721867444,69.83571088132275,52.649589550057506,56.505334400064726,-5.363268835477804,3.1086511245136634,32.32597887928069
2026-08-28 12:13:24.655935,60.977651293211686,54.0,45.38037534410216,157.0234375,5.0,5.0,2.2786238644474714,4.868624692226521,0.0,63.02705643558141,69.64086646702661,76.11969833556869,55.05827982091229,57.34344938103601,67.48499013388779,63.9000588274028,67.31203637426326,48.66189820441289,52.82123193510046,-8.663215173814926,-11.963074036933847,29.60393513226066
2026-08-28 12:13:34.756712,61.947875005493785,52.0,49.804017383663954,157.3203125,5.0,5.0,2.3021311330260974,4.901262811127379,0.0,60.977651293211686,67.69546875341538,74.14085002528527,45.38037534410216,45.54703944822424,61.64861891992942,61.98419424476227,65.27987387096468,50.08089084955947,50.84713167905621,-5.747593747921599,4.256977935439714,39.48940492747568
2026-08-28 12:13:44.876342,57.171598625199096,50.0,37.69832004619263,157.3203125,5.0,5.0,2.601543431084424,4.959050899349407,0.0,61.947875005493785,63.02705643558141,68.39032527105921,49.804017383663954,55.05827982091229,51.94962869639863,60.03237497463484,63.41008609665466,44.294237591319586,48.47191357068855,-5.855457810382312,-17.359959774719663,36.1423004909421
2026-08-28 12:13:52.737970,55.07355714824594,48.0,49.51424472880026,157.49609375,5.0,5.0,2.458902148337826,4.937898089171974,0.0,57.171598625199096,60.977651293211686,69.64086646702661,37.69832004619263,45.38037534410216,57.34344938103601,58.06434359297958,60.982201210191214,45.67219405288561,47.167046128649254,-5.904094144965747,4.1338693846980945,29.27568830627497
2026-08-28 12:14:02.830711,54.29220123972899,45.0,46.445992284539095,157.16015625,5.0,5.0,2.465451548320706,4.947163611207194,0.0,55.07355714824594,61.947875005493785,67.69546875341538,49.51424472880026,49.804017383663954,45.54703944822424,55.51245233772465,58.74832329124348,44.55285235317732,47.3168716013684,-7.655673765764796,-3.358025099124859,29.432244616913422
2026-08-28 12:14:12.931267,51.89563211763009,43.0,37.60086886691135,157.44140625,5.0,5.0,2.4784838482622744,4.943982652692447,0.0,54.29220123972899,57.171598625199096,63.02705643558141,46.445992284539095,37.69832004619263,55.05827982091229,53.753796835201655,56.89308590491827,44.52036862675023,44.407303109034906,-5.275966507569002,-0.09745117928127911,28.99704756362541
2026-08-28 12:14:20.622669,50.0595947556615,41.0,32.32597887928069,156.74609375,5.0,5.0,2.441867715005648,4.914893617021276,0.0,51.89563211763009,55.07355714824594,60.977651293211686,37.60086886691135,49.51424472880026,45.38037534410216,52.08247603767351,55.07340981532656,38.79094667691038,42.231570364898,-5.013962392584439,-17.188265849519567,31.723199046398808
2026-08-28 12:14:30.725558,47.96388261851016,39.0,29.60393513226066,156.75,5.0,5.0,2.155783258659288,4.874806800618237,0.0,50.0595947556615,54.29220123972899,61.947875005493785,32.32597887928069,46.445992284539095,49.804017383663954,49.97303649726723,52.74274441749596,33.1769276261509,38.864889989664114,-6.328318621218827,-16.842057152278436,24.60561955225694
2026-08-28 12:14:40.814686,46.12272907862896,37.0,39.48940492747568,156.75,5.0,5.0,2.231400288175154,4.885823600483286,0.0,47.96388261851016,51.89563211763009,57.171598625199096,29.60393513226066,37.60086886691135,37.69832004619263,48.04873548426685,50.90126615973427,33.80643964633901,39.16340413654462,-5.772903039001136,1.8885360605643342,24.42239773787173
2026-08-28 12:14:48.554662,44.259001140415975,36.0,36.1423004909421,157.4609375,5.0,5.0,2.256968544377014,4.89,0.0,46.12272907862896,50.0595947556615,55.07355714824594,39.48940492747568,32.32597887928069,49.51424472880026,46.115204279185015,49.09884015842928,35.07854685022614,36.93474676356826,-5.800593615245525,3.816321611661408,24.11404729340901
2026-08-28 12:14:58.643877,41.72474340640443,34.0,29.27568830627497,157.4609375,5.0,5.0,2.289142468547824,4.861789520426289,0.0,44.259001140415975,47.96388261851016,54.29220123972899,36.1423004909421,29.60393513226066,46.445992284539095,44.0354912084831,47.00426385287519,34.96913124156425,34.07302943385758,-6.239139212105734,-0.32824682598569055,27.771585045017098
2026-08-28 12:15:08.732447,40.16725798276736,32.0,29.432244616913422,156.50390625,5.0,5.0,2.296965393244272,4.870669745958429,0.0,41.72474340640443,46.12272907862896,51.89563211763009,29.27568830627497,39.48940492747568,37.60086886691135,42.05033417652923,45.049534830398066,31.61674447137683,32.71159205885792,-5.955471095861597,-10.05716031056226,21.52704233156747
2026-08-28 12:15:18.822013,36.61942512186237,30.0,28.99704756362541,156.50390625,5.0,5.0,2.349484651349816,4.898510014655593,0.0,40.16725798276736,44.259001140415975,50.0595947556615,29.432244616913422,36.1423004909421,32.32597887928069,39.50380883701137,42.80950655809821,29.234993495604602,32.15677017291537,-7.639576018553605,-7.145252927316687,21.52163349166347
2026-08-28 12:15:26.875152,35.945479392936775,28.0,31.723199046398808,156.7265625,4.0,4.0,2.341120174085688,4.881876606683805,0.0,36.61942512186237,41.72474340640443,47.96388261851016,28.99704756362541,29.27568830627497,29.60393513226066,37.57738749918881,40.80643935383598,30.050830408979213,32.50998082527173,-5.779264013467653,2.447510740123839,15.208773614306429
2026-08-28 12:15:36.971114,33.985470761706104,27.0,24.60561955225694,156.7265625,4.0,4.0,2.380470045501854,4.916484118291347,0.0,35.945479392936775,40.16725798276736,46.12272907862896,31.723199046398808,29.432244616913422,39.48940492747568,35.51679175883506,38.783562967682165,28.441955387427054,30.029349929401942,-6.181787221061256,-4.826625064656483,5.816509732277861
2026-08-28 12:15:47.066833,30.69093418442164,25.0,24.42239773787173,156.4375,4.0,4.0,2.349328929171916,4.910081348053457,0.0,33.985470761706104,36.61942512186237,44.259001140415975,24.60561955225694,28.99704756362541,36.1423004909421,33.54062811302149,36.52221847501645,26.917072112175827,28.076032803890214,-5.928490937440731,-4.574649825753681,4.541945911319499
2026-08-28 12:15:54.824081,30.02679036985095,23.0,24.11404729340901,156.7421875,4.0,4.0,2.417797079039905,4.95471580262336,0.0,30.69093418442164,35.945479392936775,41.72474340640443,24.42239773787173,31.723199046398808,29.27568830627497,31.567731771992882,34.57255963559087,24.38068819451256,27.215759301745887,-5.918689023085825,-7.609151752989799,0.0515667996671626
2026-08-28 12:16:04.951970,28.047293356661896,21.0,27.771585045017098,131.21484375,4.0,4.0,2.413719439468156,4.9270765206017,0.0,30.02679036985095,33.985470761706104,40.16725798276736,24.11404729340901,24.60561955225694,29.432244616913422,29.588339303644812,32.552565531239956,25.436010025432612,26.93898270642983,-5.9381774050442075,3.165965492760158,0.0121678377201783
2026-08-28 12:16:15.052048,24.43574188562597,21.0,21.52704233156747,131.21484375,4.0,4.0,2.4151455938955624,4.907437348423605,0.0,28.047293356661896,30.69093418442164,36.61942512186237,27.771585045017098,24.42239773787173,28.99704756362541,27.503275204046258,30.52195165853389,24.470891556664526,25.693981834420175,-6.25519229879567,-2.8953554063042617,0.0126716541676338
2026-08-28 12:16:22.907404,19.606582381729204,21.0,21.52163349166347,131.1796875,2.0,2.0,2.444125120360367,4.927939646201872,0.0,24.43574188562597,30.02679036985095,35.945479392936775,21.52704233156747,24.11404729340901,31.723199046398808,24.029872541339003,27.79880215666596,23.60675362274934,23.99372090863095,-10.420207988121746,-2.59241380174554,0.0068881263084631
2026-08-28 12:16:33.008223,14.85490226481242,21.0,15.208773614306429,131.1796875,2.0,2.0,2.3935626317233103,4.877832861189802,0.0,19.606582381729204,28.047293356661896,33.985470761706104,21.52163349166347,27.771585045017098,24.60561955225694,19.632408844055846,24.61037407385035,19.419149812512455,22.427579918972537,-13.192391091849476,-12.562811430710669,0.0055704579103539
2026-08-28 12:16:43.104166,10.397979363971093,21.0,5.816509732277861,131.15234375,2.0,2.0,2.5855952881323967,4.916666666666666,0.0,14.85490226481242,24.43574188562597,30.69093418442164,15.208773614306429,21.52704233156747,24.42239773787173,14.953154670170887,21.22821493710859,14.182305612749253,19.32659858470689,-14.037762521654876,-15.710532599289607,0.0069867042418222
2026-08-28 12:16:50.902820,5.949457413824548,21.0,4.541945911319499,131.15625,2.0,2.0,2.399578344535685,4.851931330472103,0.0,10.397979363971093,19.606582381729204,30.02679036985095,5.816509732277861,21.52163349166347,24.11404729340901,10.400779680869334,17.215326111104186,8.522409752634596,16.064581687691973,-13.657124967904657,-16.97968758034397,0.0052003139197847
2026-08-28 12:17:01.009246,0.6666666666666666,21.0,0.0515667996671626,78.0625,2.0,2.0,1.9154503499972635,4.75,0.0,5.949457413824548,14.85490226481242,28.047293356661896,4.541945911319499,15.208773614306429,27.771585045017098,5.6713678148207505,12.651888329438316,3.4700074810881745,11.444578646800315,-14.188235598145754,-15.157206814639267,0.0072165839048629
2026-08-28 12:17:11.101277,0.0,21.0,0.0121678377201783,78.0625,2.0,2.0,0.0,0.0,0.0,0.6666666666666666,10.397979363971093,24.43574188562597,0.0515667996671626,5.816509732277861,21.52704233156747,2.2053746934970526,8.579264681833989,1.5352268495689467,7.858766231159099,-10.397979363971093,-5.804341894557683,0.0089150420050093
2026-08-28 12:17:19.092174,0.0,21.0,0.0126716541676338,78.0625,2.0,2.0,0.0,0.0,0.0,0.0,5.949457413824548,19.606582381729204,0.0121678377201783,4.541945911319499,21.52163349166347,0.22222222222220325,5.311500951545788,0.025468763851658232,4.273939258243128,-5.949457413824548,-4.529274257151865,0.0115665009285496
2026-08-28 12:17:29.182900,0.0,21.0,0.0068881263084631,78.0625,2.0,2.0,0.0,0.0,0.0,0.0,0.6666666666666666,14.85490226481242,0.0126716541676338,0.0515667996671626,15.208773614306429,0.0,2.8356839074103846,0.010575872732091735,1.740291676910133,-0.6666666666666666,-0.0446786733586995,0.0096253873206982
2026-08-28 12:17:39.267172,0.0,21.0,0.0055704579103539,78.0625,2.0,2.0,0.0,0.0,0.0,0.0,0.0,10.397979363971093,0.0068881263084631,0.0121678377201783,5.816509732277861,0.0,1.1026873467485359,0.008376746128816934,0.7718017978488817,0.0,-0.0065973798098244,0.0075435854865402
2026-08-28 12:17:49.368461,0.0,21.0,0.0069867042418222,78.0625,2.0,2.0,0.0,0.0,0.0,0.0,0.0,5.949457413824548,0.0055704579103539,0.0126716541676338,4.541945911319499,0.0,0.1111111111111111,0.006481762820213066,0.01597526333593565,0.0,-0.0056849499258116,0.0091161626800256
2026-08-28 12:17:57.158299,0.0,21.0,0.0052003139197847,78.0625,2.0,2.0,0.0,0.0,0.0,0.0,0.0,0.6666666666666666,0.0069867042418222,0.0068881263084631,0.0515667996671626,0.0,0.0,0.0059191586906536,0.008247515711372666,0.0,-0.0016878123886784006,0.0054217478933301
2026-08-28 12:18:07.265290,0.0,21.0,0.0072165839048629,78.0625,2.0,2.0,0.0,0.0,0.0,0.0,0.0,0.0,0.0052003139197847,0.0055704579103539,0.0121678377201783,0.0,0.0,0.006467867355489934,0.007422306742153433,0.0,0.0016461259945090003,0.0070171337335676
2026-08-28 12:18:17.356913,0.0,21.0,0.0089150420050093,78.0625,2.0,2.0,0.0,0.0,0.0,0.0,0.0,0.0,0.0072165839048629,0.0069867042418222,0.0126716541676338,0.0,0.0,0.007110646609885633,0.00679620471504935,0.0,0.0019283377631871,0.0072650691610825
2026-08-28 12:18:25.166329,0.0,21.0,0.0115665009285496,78.0625,2.0,2.0,0.0,0.0,0.0,0.0,0.0,0.0,0.0089150420050093,0.0052003139197847,0.0068881263084631,0.0,0.0,0.0092327089461406,0.0075759338183971,0.0,0.006366187008764901,0.0106767924184206
2026-08-28 12:18:35.254861,0.0,21.0,0.0096253873206982,78.0625,2.0,2.0,0.0,0.0,0.0,0.0,0.0,0.0,0.0115665009285496,0.0072165839048629,0.0055704579103539,0.0,0.0,0.0100356434180857,0.008251755386787817,0.0,0.0024088034158352995,0.0070261904597707
2026-08-28 12:18:45.366968,0.0,21.0,0.0075435854865402,78.0625,2.0,2.0,0.0,0.0,0.0,0.0,0.0,0.0,0.0096253873206982,0.0089150420050093,0.0069867042418222,0.0,0.0,0.009578491245262668,0.008344568927574151,0.0,-0.0013714565184691002,0.0061824552791572
2026-08-28 12:18:53.123561,0.0,21.0,0.0091161626800256,78.0625,2.0,2.0,0.0,0.0,0.0,0.0,0.0,0.0,0.0075435854865402,0.0115665009285496,0.0052003139197847,0.0,0.0,0.008761711829088,0.0089972103876143,0.0,-0.002450338248524,0.00710559279307
2026-08-28 12:19:03.226361,0.0,21.0,0.0054217478933301,78.0625,2.0,2.0,0.0,0.0,0.0,0.0,0.0,0.0,0.0091161626800256,0.0096253873206982,0.0072165839048629,0.0,0.0,0.007360498686631967,0.008698071052358832,0.0,-0.0042036394273681,0.0062359613627587
2026-08-28 12:19:13.330140,0.0,21.0,0.0070171337335676,78.0625,1.0,1.0,0.0,0.0,0.0,0.0,0.0,0.0,0.0054217478933301,0.0075435854865402,0.0089150420050093,0.0,0.0,0.007185014768974433,0.008381753007118551,0.0,-0.0005264517529725999,0.0034815881193634
2026-08-28 12:19:21.263670,0.0,21.0,0.0072650691610825,78.0625,1.0,1.0,0.0,0.0,0.0,0.0,0.0,0.0,0.0070171337335676,0.0091161626800256,0.0115665009285496,0.0,0.0,0.0065679835959934,0.0076648477125407,0.0,-0.001851093518943101,0.0056569690047428
2026-08-28 12:19:31.363456,0.0,21.0,0.0106767924184206,78.0625,1.0,1.0,0.0,0.0,0.0,0.0,0.0,0.0,0.0072650691610825,0.0054217478933301,0.0096253873206982,0.0,0.0,0.0083196651043569,0.007840081895494433,0.0,0.005255044525090499,0.002242952538398
2026-08-28 12:19:41.479159,0.0,21.0,0.0070261904597707,44.98828125,1.0,1.0,0.0,0.0,0.0,0.0,0.0,0.0,0.0106767924184206,0.0070171337335676,0.0075435854865402,0.0,0.0,0.008322684013091266,0.0077538493910328495,0.0,9.056726203099733e-06,0.0017729044514344
